"location","source","target","id","fuzzy","context","translator_comments","developer_comments"
"Scripts/Content/Story/Dialog_Mobsis/Bookstand.d:11","Die Prüfung des Feuers","火 焰 测 试","","False","Bookstand_01_S1_1","",""
"Scripts/Content/Story/Dialog_Mobsis/Bookstand.d:12","So ein Novize nicht erwählt ist, mag es sein, das er trotzdem die Bereitschaft verspürt sich der Prüfung der Magie zu unterwerfen. Wenn er diesen Entschluß reiflich überlegt hat und er darauf besteht, ist es ihm gewährt, die Prüfung zu verlangen und kein Magier darf sie ihm verweigern. Doch nicht nur die Prüfung der Magie wird ihm auferlegt, sondern er soll durch das Feuer seine Erleuchtung finden. Wenn er vor dem hohen Rat darauf besteht, so soll ihm die PRÜFUNG DES FEUERS gewährt werden.","虽 然 一 个 学 徒 可 能 觉 得 已 经 做 好 准 备 申 请 魔 法 测 试 ， 他 还 不 见 得 会 被 选 中 。 无 论 如 何 ， 如 果 他 的 决 定 经 过 充 分 考 虑 ， 并 且 他 坚 持 的 话 ， 他 有 权 力 要 求 测 试 ， 并 且 没 有 魔 法 师 会 拒 绝 他 。 但 是 他 不 仅 仅 要 通 过 魔 法 测 试 ， 他 还 必 须 通 过 火 焰 得 到 启 迪 。 如 果 他 在 高 级 议 会 前 坚 持 的 话 ， 他 将 参 加 火 焰 测 试 。","","False","Bookstand_01_S1_2","",""
"Scripts/Content/Story/Dialog_Mobsis/Bookstand.d:13","In dieser Prüfung soll gleichermaßen die Klugheit, Stärke und das Geschick des Novizen gefordert werden. So soll er drei Prüfungen erfüllen, jede empfangen durch einen der Magier des hohen Rates, bevor er den Eid der Flamme schwört und den Bund mit dem Feuer eingehen kann. ","测 试 将 会 挑 战 这 个 学 徒 的 智 慧 、 力 量 和 敏 捷 。 因 此 他 必 须 通 过 三 项 考 验 ， 在 与 火 焰 立 下 ‘ 火 焰 誓 言 ’ 契 约 之 前 ， 每 一 项 测 试 都 由 高 级 议 会 的 一 名 魔 法 师 为 他 安 排 。 ","","False","Bookstand_01_S1_3","",""
"Scripts/Content/Story/Dialog_Mobsis/Bookstand.d:14","So ist es Innos Wille und so soll es geschehen. ","这 是 英 诺 斯 的 意 愿 ， 因 此 必 须 这 样 做 。 ","","False","Bookstand_01_S1_4","",""
"Scripts/Content/Story/Dialog_Mobsis/Bookstand.d:15","Der hohe Rat","高 级 议 会","","False","Bookstand_01_S1_5","",""
"Scripts/Content/Story/Dialog_Mobsis/Bookstand.d:69","...Ich hoffe, dass die Kuppel das Erz vor dem Zugriff Beliars zu schützen vermag. Der König ist einfältig genug zu glauben, dass wir die Kuppel zum Schutz vor Ausbrüchen errichten, doch solange wir mit diesen Ratschlagen unsere höheren Zeile erreichen, soll es uns recht sein. Ich hoffe, das uns genug Zeit bleibt uns auf den Kampf vorzubereiten. Sobald die Kuppel um das Minental erschaffen ist, werde ich mit all meiner mir zur Verfügung stehenden Macht versuchen in den bevorstehenden Kampf einzugreifen. ","… … 我 希 望 穹 窿 可 以 保 护 矿 石 不 受 贝 利 尔 的 威 胁 。 国 王 太 天 真 了 ， 以 为 我 们 修 建 穹 窿 是 为 了 防 止 破 坏 。 嗯 ， 只 要 这 条 计 策 继 续 下 去 ， 我 们 就 可 以 完 成 进 一 步 的 目 标 。 我 只 能 希 望 我 们 还 有 足 够 的 时 间 为 战 斗 做 好 准 备 。 只 要 矿 藏 山 谷 四 周 的 穹 窿 一 建 好 ， 我 就 要 调 用 所 有 能 够 调 用 的 力 量 来 阻 止 战 斗 。 ","","False","FINALDRAGONEQUIPMENT_S1_1","",""
"Scripts/Content/Story/Dialog_Mobsis/Bookstand.d:70","...ich habe, genau nach Anleitung einfach Innos geweihtes Wasser auf einen Runenrohling geträufelt und am Runentisch zusammengeführt. Der Runenstein ist zerstört, ich glaube, dieser Spruch ist wirklich nur dem Einen zugänglich.","… … 我 按 照 说 明 ， 把 英 诺 斯 的 圣 水 倒 在 咒 语 台 上 的 空 白 咒 语 石 里 。 咒 语 石 被 毁 掉 了 。 我 猜 测 这 个 魔 法 真 的 只 有 ‘ 天 选 者 ’ 才 能 施 展 。","","False","FINALDRAGONEQUIPMENT_S1_2","",""
"Scripts/Content/Story/Dialog_Mobsis/Bookstand.d:71","Die Heilige Aura Innos habe ich dem Klosterschtz übergeben. Sie wird von nun an, vom Klostervorsteher aufbewahrt, bis zu dem Tag, an dem sich der Eine offenbart.","我 把 英 诺 斯 的 神 圣 光 环 留 下 保 护 修 道 院 。 在 天 选 者 出 现 前 ， 修 道 院 能 够 保 全 自 己 。","","False","FINALDRAGONEQUIPMENT_S1_3","",""
"Scripts/Content/Story/Dialog_Mobsis/Bookstand.d:72","Die Tränen Innos mögen in dem bevorstehenden Kampf eine Rolle spielen. Doch ist es wohl zu gefährlich sie offen aufzubewahren. Ich werde sie hier in der Bibliothek lassen.","英 诺 斯 之 泪 可 能 在 将 来 的 战 斗 中 起 到 重 要 的 作 用 。 但 是 把 它 放 在 所 有 人 都 能 看 到 的 地 方 太 危 险 了 。 我 最 好 把 它 们 放 在 图 书 馆 这 里 。","","False","FINALDRAGONEQUIPMENT_S1_4","",""
"Scripts/Content/Story/Dialog_Mobsis/Bookstand.d:73","Um in den geheimen Ort zu gelangen muss man eine Teleportrune bauen. Dazu benötigst du einen Runenrohling und eine kleines Fläschchen geweihtes Wasser. Mit der erstellten Runen kannst du dich in den Raum teleporteiren.","你 必 须 制 造 一 个 传 送 咒 语 咒 语 抵 达 那 个 秘 密 的 地 方 。 为 此 ， 你 需 要 一 块 空 白 的 咒 语 石 和 一 小 瓶 圣 水 。 你 可 以 使 用 这 个 咒 语 传 送 到 房 间 里 面 去 。","","False","FINALDRAGONEQUIPMENT_S1_5","",""
"Scripts/Content/Story/Dialog_Mobsis/Bookstand.d:74","Ich bin nun sehr sicher, dass es die Tränen Innos waren, mit den die Paladine aus der vorderen Zeit, die längst vergessene Hohe Schwertweihe abgehalten haben. Es sollte also möglich sein, mit dem von mir entdeckten Fläschchen eine geweihten Waffe zusaätzliche Kraft zu geben.","我 现 在 相 当 肯 定 英 诺 斯 之 泪 是 古 代 圣 骑 士 用 来 进 行 失 传 已 久 的 仪 式 ： 神 圣 化 剑 。 那 意 味 着 我 可 以 用 我 发 现 的 小 瓶 子 给 神 圣 化 的 武 器 增 加 额 外 的 力 量 。","","False","FINALDRAGONEQUIPMENT_S1_6","",""
"Scripts/Content/Story/Dialog_Mobsis/Bookstand.d:75","Aus den Waffen des Dracheherren.","来 自 ： 龙 王 武 器 。","","False","FINALDRAGONEQUIPMENT_S1_7","",""
"Scripts/Content/Story/Dialog_Mobsis/Bookstand.d:76","´Um einem Panzer aus Drachenschuppen die höchste Härte zu verleihen, so kann man die Schuppen mit dem Erz überzeihen, welches in dem Tal der Insel Karynis gefördert wird.","要 想 制 造 出 最 硬 的 龙 鳞 盔 甲 ， 就 要 用 采 自 凯 瑞 尼 斯 山 谷 的 矿 石 涂 抹 在 鳞 片 上 。","","False","FINALDRAGONEQUIPMENT_S1_8","",""
"Scripts/Content/Story/Dialog_Mobsis/Bookstand.d:77","Um eine dem Drachenherren würdige Klinge zu erhalten, muss man die Klinge in Drachenblut tränken. Schon die Beigabe einer Menge von 5 kleinen Phiolen verleiht dem Stahl eine Härte und Schärfe, der nichts entgegen zu setzten ist.","要 制 造 最 有 价 值 的 龙 王 刀 ， 刀 片 必 须 使 用 龙 血 浸 泡 。 即 便 ５ 瓶 龙 血 也 能 赐 予 钢 铁 无 比 的 锋 利 和 力 量 。","","False","FINALDRAGONEQUIPMENT_S1_9","",""
"Scripts/Content/Story/Dialog_Mobsis/Bookstand.d:78","Anmerkung: Mit Karynis ist zeifelsfrei das heutige Khorinis gemeint.","注 释 ： ‘ 凯 瑞 尼 斯 ’ 可 能 就 是 指 我 们 现 在 所 知 道 的 克 霍 里 尼 斯 。","","False","FINALDRAGONEQUIPMENT_S1_10","",""
"Scripts/Content/Story/Dialog_Mobsis/BookstandAlchemy.d:17","Tränke magischer Kraft","魔 法 能 力 药 剂","","False","BookstandALCHEMY1_S1_1","",""
"Scripts/Content/Story/Dialog_Mobsis/BookstandAlchemy.d:18","und ihre Zutaten","还 有 原 料","","False","BookstandALCHEMY1_S1_2","",""
"Scripts/Content/Story/Dialog_Mobsis/BookstandAlchemy.d:19","2 Feuernesseln","２ 火 荨 麻","","False","BookstandALCHEMY1_S1_3","",""
"Scripts/Content/Story/Dialog_Mobsis/BookstandAlchemy.d:20","2 Feuerkräuter","２ 柳 兰","","False","BookstandALCHEMY1_S1_4","",""
"Scripts/Content/Story/Dialog_Mobsis/BookstandAlchemy.d:21","2 Feuerwurzeln","２ 火 根","","False","BookstandALCHEMY1_S1_5","",""
"Scripts/Content/Story/Dialog_Mobsis/BookstandAlchemy.d:22","Jegliche Arbeit am Alchemietisch  erfordert eine Laborwasserflasche, die während des Prozesses verbraucht wird.","所 有 在 炼 金 术 士 工 作 台 上 进 行 的 工 作 过 程 中 都 需 要 一 个 实 验 烧 瓶 。","","False","BookstandALCHEMY1_S1_6","",""
"Scripts/Content/Story/Dialog_Mobsis/BookstandAlchemy.d:23","Für das Brauen von Tränken der Heilung oder der Stärkung der magischen Kraft, benötigt der Anwender neben der speziellen Zutat immer eine Pflanze:","要 酿 造 任 何 治 疗 药 剂 或 者 增 强 魔 法 能 力 的 药 剂 ， 我 需 要 特 殊 的 原 料 和 植 物 ：","","False","BookstandALCHEMY1_S1_7","",""
"Scripts/Content/Story/Dialog_Mobsis/BookstandAlchemy.d:24","Feldknöterich","洼 地 节 草","","False","BookstandALCHEMY1_S1_8","",""
"Scripts/Content/Story/Dialog_Mobsis/BookstandAlchemy.d:25","Für das Brauen von Tränken die permanente Veränderungen des Körpers oder Geistes bewirken, benötigt der Anwender immer eine Pflanze: ","要 酿 造 任 何 永 远 改 变 身 体 或 者 精 神 的 药 剂 ， 你 需 要 一 种 特 殊 的 植 物 ： ","","False","BookstandALCHEMY1_S1_9","",""
"Scripts/Content/Story/Dialog_Mobsis/BookstandAlchemy.d:26","Kronstöckl","国 王 酢 浆 草","","False","BookstandALCHEMY1_S1_10","",""
"Scripts/Content/Story/Dialog_Mobsis/BookstandAlchemy.d:79","Tränke heilender Kraft","治 疗 药 剂","","False","BookstandALCHEMY2_S1_1","",""
"Scripts/Content/Story/Dialog_Mobsis/BookstandAlchemy.d:80","und ihre Zutaten","还 有 原 料","","False","BookstandALCHEMY2_S1_2","",""
"Scripts/Content/Story/Dialog_Mobsis/BookstandAlchemy.d:81","2 Heilpflanzen","２ 治 疗 植 物","","False","BookstandALCHEMY2_S1_3","",""
"Scripts/Content/Story/Dialog_Mobsis/BookstandAlchemy.d:82","2 Heilkräuter","２ 治 疗 药 草","","False","BookstandALCHEMY2_S1_4","",""
"Scripts/Content/Story/Dialog_Mobsis/BookstandAlchemy.d:83","2 Heilwurzeln","２ 治 疗 根","","False","BookstandALCHEMY2_S1_5","",""
"Scripts/Content/Story/Dialog_Mobsis/BookstandAlchemy.d:84","Jegliche Arbeit am Alchemietisch  erfordert eine Laborwasserflasche, die während des Prozesses verbraucht wird.","所 有 在 炼 金 术 士 工 作 台 上 进 行 的 工 作 过 程 中 都 需 要 一 个 实 验 烧 瓶 。","","False","BookstandALCHEMY2_S1_6","",""
"Scripts/Content/Story/Dialog_Mobsis/BookstandAlchemy.d:85","Für das Brauen von Tränken der Heilung oder der Stärkung der magischen Kraft, benötigt der Anwender neben der speziellen Zutat immer eine Pflanze:","要 酿 造 任 何 治 疗 药 剂 或 者 增 强 魔 法 能 力 的 药 剂 ， 我 需 要 特 殊 的 原 料 和 植 物 ：","","False","BookstandALCHEMY2_S1_7","",""
"Scripts/Content/Story/Dialog_Mobsis/BookstandAlchemy.d:86","Feldknöterich","洼 地 节 草","","False","BookstandALCHEMY2_S1_8","",""
"Scripts/Content/Story/Dialog_Mobsis/BookstandAlchemy.d:87","Für das Brauen von Tränken die permanente Veränderungen des Körpers oder Geistes bewirken, benötigt der Anwender immer eine Pflanze: ","要 酿 造 任 何 永 远 改 变 身 体 或 者 精 神 的 药 剂 ， 你 需 要 一 种 特 殊 的 植 物 ： ","","False","BookstandALCHEMY2_S1_9","",""
"Scripts/Content/Story/Dialog_Mobsis/BookstandAlchemy.d:88","Kronstöckl","国 王 酢 浆 草","","False","BookstandALCHEMY2_S1_10","",""
"Scripts/Content/Story/Dialog_Mobsis/BookstandAlchemy.d:141","Tränke permanenter Veränderungen","永 久 改 变 药 剂","","False","BookstandALCHEMY3_S1_1","",""
"Scripts/Content/Story/Dialog_Mobsis/BookstandAlchemy.d:142","und ihre Zutaten","还 有 原 料","","False","BookstandALCHEMY3_S1_2","",""
"Scripts/Content/Story/Dialog_Mobsis/BookstandAlchemy.d:143","1 Goblin Beere","1 哥 布 林 浆 果","","False","BookstandALCHEMY3_S1_3","",""
"Scripts/Content/Story/Dialog_Mobsis/BookstandAlchemy.d:144","1 Snapperkraut - dieser Trank benötigt keinen Kronstöckl, sondern Feldknöterich","１ 暴 龙 草 - 这 种 药 剂 需 要 的 不 是 国 王 酢 浆 草 ， 而 是 洼 地 节 草 。","","False","BookstandALCHEMY3_S1_4","",""
"Scripts/Content/Story/Dialog_Mobsis/BookstandAlchemy.d:145","1 Drachenwurzel","1 龙 根","","False","BookstandALCHEMY3_S1_5","",""
"Scripts/Content/Story/Dialog_Mobsis/BookstandAlchemy.d:146","1 Heilwurzel","1 治 疗 根","","False","BookstandALCHEMY3_S1_6","",""
"Scripts/Content/Story/Dialog_Mobsis/BookstandAlchemy.d:147","1 Feuerwurzel","1 火 根","","False","BookstandALCHEMY3_S1_7","",""
"Scripts/Content/Story/Dialog_Mobsis/BookstandAlchemy.d:148","Das Brauen dieser Rezepturen ist die hohe Kunst der Alchemie. Ihnen allen ist zu eigen, dass sie einen Kronstöckl als Zutat verlangen.","酿 造 这 些 配 方 是 炼 金 术 的 最 高 技 能 。 他 们 都 要 使 用 国 王 酢 浆 草 作 为 一 种 常 用 原 料 。","","False","BookstandALCHEMY3_S1_8","",""
"Scripts/Content/Story/Dialog_Mobsis/BookstandAlchemy.d:149","Der Trank der Geschwindigkeit ist viel einfacher herzustellen, was auch daran liegt, das man keinen Kronstöckl benötigt. ","速 度 药 剂 是 一 种 制 造 相 当 简 单 的 药 剂 ， 因 为 它 不 需 要 国 王 酢 浆 草 。 ","","False","BookstandALCHEMY3_S1_9","",""
"Scripts/Content/Story/Dialog_Mobsis/BookstandAnimals.d:17","Jagd und Beute","搜 寻 和 捕 食","","False","BookstandAnimals1_S1_1","",""
"Scripts/Content/Story/Dialog_Mobsis/BookstandAnimals.d:18","Jedes Tier und Wesen besitzt eigene Trophäen, die den Ruhm und Reichtum eines erfahrenen Jäger mehren.","每 种 野 兽 或 者 生 物 都 有 特 定 的 战 利 品 可 以 为 经 验 丰 富 的 猎 手 增 加 财 富 和 声 望 。","","False","BookstandAnimals1_S1_2","",""
"Scripts/Content/Story/Dialog_Mobsis/BookstandAnimals.d:19","Ein erfahrener Jäger weiß um die Trophäen seiner Beute und kennt die verschiedenen Methoden sie auszunehmen.","每 个 经 验 丰 富 的 猎 手 都 知 道 每 种 猎 物 所 有 的 战 利 品 和 如 何 取 得 它 们 。","","False","BookstandAnimals1_S1_3","",""
"Scripts/Content/Story/Dialog_Mobsis/BookstandAnimals.d:20","Zähne reißen","拔 出 牙 齿","","False","BookstandAnimals1_S1_4","",""
"Scripts/Content/Story/Dialog_Mobsis/BookstandAnimals.d:21","Die Zähne, sind die Waffe von vielen Tieren und Wesen. Wer darum weiß, wie er sie seiner Beute fachkundig entreißt, findet bei Wölfen, Snappern, Schattenläufern, Sumpfhaien und Trollen seine Beute.","牙 齿 是 多 数 动 物 和 生 物 的 武 器 。 如 果 你 知 道 如 何 从 你 的 猎 物 身 上 取 得 战 利 品 ， 例 如 、 狼 、 暴 龙 、 影 兽 、 沼 泽 鲨 和 巨 魔 。","","False","BookstandAnimals1_S1_5","",""
"Scripts/Content/Story/Dialog_Mobsis/BookstandAnimals.d:22","Felle abziehen","剥 皮","","False","BookstandAnimals1_S1_6","",""
"Scripts/Content/Story/Dialog_Mobsis/BookstandAnimals.d:23","Ein Talent das der erfahrene Jäger oft zu nutzen weiß - gibt es doch viele Tiere, deren Körper von einem Fell geschützt ist. Schafe, Wölfe und Schattenläufer um nur einige zu benennen.","这 项 天 赋 是 衡 量 经 验 丰 富 的 猎 人 的 价 值 的 关 键 ， 因 为 大 多 数 动 物 都 有 皮 毛 ， - 例 如 绵 羊 ， 狼 和 影 兽 等 等 。","","False","BookstandAnimals1_S1_7","",""
"Scripts/Content/Story/Dialog_Mobsis/BookstandAnimals.d:24","Ein Jäger, der dieses Talent beherrscht, kann auch die Häute von Sumphaien und Lurkern abziehen.  ","拥 有 这 项 技 能 的 猎 人 也 可 以 剥 沼 泽 鲨 和 潜 伏 者 的 皮 毛 。  ","","False","BookstandAnimals1_S1_8","",""
"Scripts/Content/Story/Dialog_Mobsis/BookstandAnimals.d:25","Krallen brechen","拔 出 爪 子","","False","BookstandAnimals1_S1_9","",""
"Scripts/Content/Story/Dialog_Mobsis/BookstandAnimals.d:26","Eine Kunst, die bei Waranen aller Art, Snappern, Lurkern und Schattenläufern eingesetzt werden kann.  ","这 项 技 能 可 以 用 于 所 有 种 类 的 蜥 蜴 、 暴 龙 和 影 兽 。  ","","False","BookstandAnimals1_S1_10","",""
"Scripts/Content/Story/Dialog_Mobsis/BookstandAnimals.d:73","Jagd und Beute","搜 寻 和 捕 食","","False","BookstandAnimals2_S1_1","",""
"Scripts/Content/Story/Dialog_Mobsis/BookstandAnimals.d:74","Jedes Tier und Wesen besitzt eigene Trophäen, die den Ruhm und Reichtum eines erfahrenen Jäger mehren.","每 种 野 兽 或 者 生 物 都 有 特 定 的 战 利 品 可 以 为 经 验 丰 富 的 猎 手 增 加 财 富 和 声 望 。","","False","BookstandAnimals2_S1_2","",""
"Scripts/Content/Story/Dialog_Mobsis/BookstandAnimals.d:75","Die Blutfliegen","血 蝇 的 毒 液","","False","BookstandAnimals2_S1_3","",""
"Scripts/Content/Story/Dialog_Mobsis/BookstandAnimals.d:76","Um diese fliegenden Teufel auszunehmen, bedarf es zwei besonderer Künste.","处 理 这 些 会 飞 的 魔 鬼 需 要 两 项 特 殊 的 技 能 。","","False","BookstandAnimals2_S1_4","",""
"Scripts/Content/Story/Dialog_Mobsis/BookstandAnimals.d:77","Zum einen können ihnen die Flügel abgetrennt, zum anderen kann der Stachel entrissen werden.","可 以 去 除 它 们 的 翅 膀 ， 并 将 它 们 的 刺 拔 出 。","","False","BookstandAnimals2_S1_5","",""
"Scripts/Content/Story/Dialog_Mobsis/BookstandAnimals.d:78","Beide Künste sollte der erfahrene Jäger einsetzen, um sich die Trophäen anzueignen.","有 经 验 的 猎 人 需 要 使 用 这 两 项 技 能 来 获 取 他 们 的 战 利 品 。","","False","BookstandAnimals2_S1_6","",""
"Scripts/Content/Story/Dialog_Mobsis/BookstandAnimals.d:79","Feldräuber und Minecrawler greifen mit Zangen an. Vor allem die Zangen der Minecrawler","旷 野 袭 击 者 和 矿 井 爬 行 者 使 用 颚 骨 来 攻 击 。 矿 井 爬 行 者 的 颚 骨 有","","False","BookstandAnimals2_S1_7","",""
"Scripts/Content/Story/Dialog_Mobsis/BookstandAnimals.d:80","gelten als besonders wertvoll, weil sie ein Sekret enthalten, das magische Kräfte steigert.","特 殊 的 价 值 ， 因 为 它 们 包 含 能 够 增 强 魔 法 能 力 的 分 泌 物 。","","False","BookstandAnimals2_S1_8","",""
"Scripts/Content/Story/Dialog_Mobsis/BookstandAnimals.d:81","Allerdings sollte es mit Vorsicht genossen werden, da der menschliche Körper mit der Zeit nicht mehr darauf reagiert.","然 而 在 使 用 它 们 时 要 有 节 制 ， 因 为 人 类 的 身 体 会 渐 渐 对 它 失 去 反 应 。","","False","BookstandAnimals2_S1_9","",""
"Scripts/Content/Story/Dialog_Mobsis/BookstandAnimals.d:82","Ebenfalls sehr begehrt sind die Platten der Minecrawler. Aus ihnen lassen sich Rüstungen herstellen. ","矿 井 爬 行 者 鳞 甲 同 样 很 受 欢 迎 。 它 们 常 常 用 来 制 作 盔 甲 。 ","","False","BookstandAnimals2_S1_10","",""
"Scripts/Content/Story/Dialog_Mobsis/BookstandAnimals.d:130","Jagd und Beute","搜 寻 和 捕 食","","False","BookstandAnimals3_S1_1","",""
"Scripts/Content/Story/Dialog_Mobsis/BookstandAnimals.d:131","Jedes Tier und Wesen besitzt eigene Trophäen, die den Ruhm und Reichtum eines erfahrenen Jäger mehren.","每 种 野 兽 或 者 生 物 都 有 特 定 的 战 利 品 可 以 为 经 验 丰 富 的 猎 手 增 加 财 富 和 声 望 。","","False","BookstandAnimals3_S1_2","",""
"Scripts/Content/Story/Dialog_Mobsis/BookstandAnimals.d:132","Der Feuerwaran","火 蜥 蜴","","False","BookstandAnimals3_S1_3","",""
"Scripts/Content/Story/Dialog_Mobsis/BookstandAnimals.d:133","Dieses besondere Wesen zählt zur Gattung der Warane, allerdings ist es in der Lage Feuer zu speien, das jeden der sich ihm auf ein paar Schritt nähert, unweigerlich tötet.","这 种 野 兽 是 某 种 蜥 蜴 ， 但 是 它 可 以 喷 火 ， 并 会 杀 死 任 何 胆 敢 冒 犯 它 的 人 。","","False","BookstandAnimals3_S1_4","",""
"Scripts/Content/Story/Dialog_Mobsis/BookstandAnimals.d:134","Nur wer sich gegen Feuer zu schützen vermag, kann sich im Kampf mit diesen Wesen messen und ihm die kostbare Zunge entreissen.","只 有 那 些 拥 有 抵 抗 火 焰 能 力 的 人 可 以 与 这 种 野 兽 战 斗 ， 并 取 得 它 们 宝 贵 的 舌 头 。","","False","BookstandAnimals3_S1_5","",""
"Scripts/Content/Story/Dialog_Mobsis/BookstandAnimals.d:135","Der Schattenläufer","影 兽","","False","BookstandAnimals3_S1_6","",""
"Scripts/Content/Story/Dialog_Mobsis/BookstandAnimals.d:136","Der Schattenläufer ist ein uralter Einzelgänger der versteckt in Wäldern lebt.","影 兽 是 一 种 古 代 的 独 居 动 物 ， 住 在 隐 蔽 的 树 林 里 。","","False","BookstandAnimals3_S1_7","",""
"Scripts/Content/Story/Dialog_Mobsis/BookstandAnimals.d:137","Es gibt nur noch wenige Exemplare, so das er für den Menschen keine Gefahr mehr darstellt, solange er nicht seine Jagdrevier kreuzt.","这 些 生 物 所 存 不 多 ， 因 此 它 们 对 人 类 来 讲 没 有 危 害 ， 除 非 人 类 冒 险 进 入 它 们 的 捕 猎 区 域 。","","False","BookstandAnimals3_S1_8","",""
"Scripts/Content/Story/Dialog_Mobsis/BookstandAnimals.d:138","Der Kopf des Schattenläufers wird von einem Horn gekrönt, das als wertvolle Trophäe gilt. Ein Jäger muss die Kunst lernen, das Horn richtig zu brechen,","影 兽 头 上 的 角 是 一 种 非 常 宝 贵 的 战 利 品 。 猎 人 必 须 学 会 如 何 把 它 拔 出 ，","","False","BookstandAnimals3_S1_9","",""
"Scripts/Content/Story/Dialog_Mobsis/BookstandAnimals.d:139","damit er diese Trophäe bekommt.","才 能 取 得 这 个 战 利 品 。","","False","BookstandAnimals3_S1_10","",""
"Scripts/Content/Story/Dialog_Mobsis/BookstandHistory.d:17","Der Weg des Kampfes","战 斗 的 方 法","","False","BookstandHistory1_S1_1","",""
"Scripts/Content/Story/Dialog_Mobsis/BookstandHistory.d:18","Angriff ist die beste Verteidigung, bei allem was nicht Mensch ist. Eine Parade gegen Tiere oder Monster auszuführen ist sinnlos.","最 好 的 防 御 就 是 出 色 地 进 攻 ， 至 少 在 对 付 非 人 类 的 时 候 。 想 要 格 挡 动 物 和 怪 物 的 攻 击 是 毫 无 用 处 的 。","","False","BookstandHistory1_S1_2","",""
"Scripts/Content/Story/Dialog_Mobsis/BookstandHistory.d:19","Da ist es besser den Gegner mit gezielten Seitenschlägen auf Distanz zu halten um überraschend eine Kombination aus mehreren Schlägen durchzuführen.","最 好 能 用 精 确 地 攻 击 困 住 敌 人 ， 然 后 发 起 突 然 的 组 合 攻 击 。","","False","BookstandHistory1_S1_3","",""
"Scripts/Content/Story/Dialog_Mobsis/BookstandHistory.d:20","Kombinationen mehrerer Schläge sind natürlich einem erfahrenen Kämpfer vorbehalten. Und wer sogar die Meisterschaft im Kampf erreicht, kann weitere Kombinationen ausführen.","当 然 ， 只 有 经 验 丰 富 的 战 士 可 以 组 合 他 们 的 行 动 。 如 果 你 成 为 一 名 战 斗 技 能 的 大 师 ， 你 甚 至 可 以 使 用 几 种 组 合 。","","False","BookstandHistory1_S1_4","",""
"Scripts/Content/Story/Dialog_Mobsis/BookstandHistory.d:65","Die Insel","岛 屿","","False","BookstandHistory2_S1_1","",""
"Scripts/Content/Story/Dialog_Mobsis/BookstandHistory.d:66","Die Hafenstadt Khorinis liegt auf einer Insel vor der Küste des Königreiches Myrtana.","克 霍 里 尼 斯 的 海 港 城 市 坐 落 在 远 离 米 尔 塔 纳 王 国 海 岸 的 岛 屿 上 。","","False","BookstandHistory2_S1_2","",""
"Scripts/Content/Story/Dialog_Mobsis/BookstandHistory.d:67","Die Insel ist vor allem durch das Minental bekannt geworden. Ein zweifelhafter Ruf, denn viele Jahre erstreckte sich eine magische Barriere über das gesamte Tal und alle Gefangenen des Reiches wurden dort hinein gebracht.","这 座 岛 屿 因 为 矿 藏 山 谷 而 闻 名 遐 迩 。 它 的 声 望 有 些 问 题 ， 因 为 多 年 来 一 座 魔 法 屏 障 封 锁 了 整 个 山 谷 ， 作 为 关 押 整 个 王 国 的 罪 犯 的 监 狱 。","","False","BookstandHistory2_S1_3","",""
"Scripts/Content/Story/Dialog_Mobsis/BookstandHistory.d:68","So wurde das Tal zur Strafkolonie für viele Verurteilte, die tief unter der Erde nach dem magischen Erz schürften. ","如 此 ， 山 谷 变 成 了 一 座 监 狱 殖 民 地 ， 罪 犯 们 在 地 面 深 处 挖 掘 魔 法 矿 石 。 ","","False","BookstandHistory2_S1_4","",""
"Scripts/Content/Story/Dialog_Mobsis/BookstandHistory.d:69","Außerhalb von Khorinis gibt es noch einige Bauernhöfe, die den guten Boden nutzen, um Weizen und Rüben anzubauen, aber auch um Schafe zu züchten.","克 霍 里 尼 斯 的 外 面 分 布 着 一 些 农 场 ， 在 肥 沃 的 土 地 上 种 植 小 麦 和 萝 卜 ， 并 繁 殖 绵 羊 。","","False","BookstandHistory2_S1_5","",""
"Scripts/Content/Story/Dialog_Mobsis/BookstandHistory.d:70","Seit Generationen ist der größte Hof im Besitz eines Großbauern, der sein umliegendes Land an andere Bauern verpachtet. ","很 长 时 期 内 ， 最 大 的 农 场 一 直 归 地 主 所 有 ， 他 把 土 地 租 给 周 围 的 其 他 农 民 。 ","","False","BookstandHistory2_S1_6","",""
"Scripts/Content/Story/Dialog_Mobsis/BookstandHistory.d:71","Mitten auf der Insel steht ein altes Kloster. Ein Kloster Innos, das von den Magiern des Feuers geführt wird. Dort gehen sie magischen und alchmistischen Forschungen nach und keltern Wein.","在 岛 屿 的 中 部 ， 是 一 座 古 代 的 英 诺 斯 神 殿 ， 由 火 魔 法 师 领 导 。 他 们 在 那 里 研 究 魔 法 和 炼 金 术 ， 并 酿 造 葡 萄 酒 。","","False","BookstandHistory2_S1_7","",""
"Scripts/Content/Story/Dialog_Mobsis/BookstandHistory.d:113","Das Gesetz der Insel","岛 屿 的 法 律","","False","BookstandHistory3_S1_1","",""
"Scripts/Content/Story/Dialog_Mobsis/BookstandHistory.d:114","Überall dort, wo Menschen zusammenkommen, muss das gemeinsame Leben geregelt werden. Ob das im Kloster, in der Stadt oder auf dem Hof des Großbauers ist.","哪 里 有 人 们 聚 集 ， 哪 里 就 需 要 规 范 来 维 护 和 平 - 无 论 是 修 道 院 、 城 市 还 是 地 主 的 农 场 。","","False","BookstandHistory3_S1_2","",""
"Scripts/Content/Story/Dialog_Mobsis/BookstandHistory.d:115","So wird jedes Verbrechen wider der Gemeinschaft bestraft.","任 何 违 背 社 会 的 犯 罪 行 为 都 会 受 到 惩 罚 。","","False","BookstandHistory3_S1_3","",""
"Scripts/Content/Story/Dialog_Mobsis/BookstandHistory.d:116","Im Sinne der Gemeinschaft ist es nicht erlaubt Schlägereien anzuzetteln oder sich in solche verwickeln zu lassen.","社 区 禁 止 打 斗 和 争 吵 。","","False","BookstandHistory3_S1_4","",""
"Scripts/Content/Story/Dialog_Mobsis/BookstandHistory.d:117","Ebenso ist Diebstahl ein Vergehen, das nicht ohne Folge bleibt. Und auch die Schafe stehen unter dem Schutz des Gesetzes.","盗 窃 也 是 被 禁 止 的 行 为 。 同 时 ， 绵 羊 受 到 法 律 的 保 护 。","","False","BookstandHistory3_S1_5","",""
"Scripts/Content/Story/Dialog_Mobsis/BookstandHistory.d:119","Wer gar einen anderen Menschen niederschlägt und ermordet, muß damit rechnen auf der Stelle gerichtet zu werden.","如 果 有 人 把 其 他 人 打 倒 并 谋 杀 ， 那 么 他 必 须 立 即 接 受 被 判 死 刑 。","","False","BookstandHistory3_S1_6","",""
"Scripts/Content/Story/Dialog_Mobsis/BookstandHistory.d:120","Und wer dem entgehen kann, muß eine hohen Strafe zahlen. ","要 想 避 免 这 种 命 运 ， 他 必 须 支 付 巨 额 罚 金 。","","False","BookstandHistory3_S1_7","",""
"Scripts/Content/Story/Dialog_Mobsis/BookstandHistory.d:121","An allen großen Orten, führen Männer das Amt des Rechts aus. Ihnen wird zugetragen welche Taten geschehen und sie fordern die Strafe ein, auf das der Frieden wiederhergestellt wird. ","在 所 有 的 大 地 方 ， 都 有 专 人 负 责 维 护 和 平 。 他 们 会 留 意 一 切 犯 罪 行 为 ， 他 们 的 责 任 是 进 行 有 效 的 惩 罚 和 恢 复 秩 序 。","","False","BookstandHistory3_S1_8","",""
"Scripts/Content/Story/Dialog_Mobsis/BookstandHistory.d:122","Denn wer Opfer eines Vergehens wird oder solche bezeugen kann, wird nicht gut auf den Täter zu sprechen sein.","那 些 受 害 人 和 目 击 者 对 犯 人 并 没 有 足 够 地 指 证 权 力 。","","False","BookstandHistory3_S1_9","",""
"Scripts/Content/Story/Dialog_Mobsis/BookstandHistory.d:123","Es gibt natürlich auch Volk das sich nicht um die Gesetze schert. Vor allem Banditen und Söldner.","当 然 ， 也 有 一 些 家 伙 不 在 乎 任 何 法 律 ， 特 别 是 强 盗 和 雇 佣 兵 。","","False","BookstandHistory3_S1_10","",""
"Scripts/Content/Story/Dialog_Mobsis/BookstandKDW_Addon.d:7","Die Kreise des Wassers","水 之 环","","False","Runemaking_KDW_CIRC1_S1_1","",""
"Scripts/Content/Story/Dialog_Mobsis/BookstandKDW_Addon.d:8","Die Runen des Wassers und die zu deren Herstellung benötigten Ingredenzien ","水 咒 语 和 制 造 时 需 要 的 原 料 。 ","","False","Runemaking_KDW_CIRC1_S1_2","",""
"Scripts/Content/Story/Dialog_Mobsis/BookstandKDW_Addon.d:9","Wirbelwind","旋 风","","False","Runemaking_KDW_CIRC1_S1_3","",""
"Scripts/Content/Story/Dialog_Mobsis/BookstandKDW_Addon.d:10","Flügel einer Blutfliege","血 蝇 的 翅 膀","","False","Runemaking_KDW_CIRC1_S1_4","",""
"Scripts/Content/Story/Dialog_Mobsis/BookstandKDW_Addon.d:11","Eislanze","冰 矛","","False","Runemaking_KDW_CIRC1_S1_5","",""
"Scripts/Content/Story/Dialog_Mobsis/BookstandKDW_Addon.d:12","Gletscherquartz","冰 河 石 英","","False","Runemaking_KDW_CIRC1_S1_6","",""
"Scripts/Content/Story/Dialog_Mobsis/BookstandKDW_Addon.d:13","Geysir","喷 泉","","False","Runemaking_KDW_CIRC1_S1_7","",""
"Scripts/Content/Story/Dialog_Mobsis/BookstandKDW_Addon.d:14","Aquamarin","蓝 宝 石","","False","Runemaking_KDW_CIRC1_S1_8","",""
"Scripts/Content/Story/Dialog_Mobsis/BookstandKDW_Addon.d:15","Unwetter","风 暴","","False","Runemaking_KDW_CIRC1_S1_9","",""
"Scripts/Content/Story/Dialog_Mobsis/BookstandKDW_Addon.d:16","Gletscherquartz","冰 河 石 英","","False","Runemaking_KDW_CIRC1_S1_10","",""
"Scripts/Content/Story/Dialog_Mobsis/BookstandKDW_Addon.d:17","Flügel einer Blufliege","血 蝇 的 翅 膀","","False","Runemaking_KDW_CIRC1_S1_11","",""
"Scripts/Content/Story/Dialog_Mobsis/BookstandKDW_Addon.d:18","Wasserfaust","水 拳","","False","Runemaking_KDW_CIRC1_S1_12","",""
"Scripts/Content/Story/Dialog_Mobsis/BookstandKDW_Addon.d:19","Aquamarin","蓝 宝 石","","False","Runemaking_KDW_CIRC1_S1_13","",""
"Scripts/Content/Story/Dialog_Mobsis/BookstandKDW_Addon.d:20","Bergkristall","岩 石 水 晶","","False","Runemaking_KDW_CIRC1_S1_14","",""
"Scripts/Content/Story/Dialog_Mobsis/BookstandKDW_Addon.d:21","Für die Herstellung einer Rune ist jeweils EINE der aufgeführten Ingredenzien erforderlich.","要 制 造 咒 语 ， 你 总 是 需 要 下 面 所 列 的 原 料 。","","False","Runemaking_KDW_CIRC1_S1_15","",""
"Scripts/Content/Story/Dialog_Mobsis/BookstandKDW_Addon.d:22","Dem Anwender muss die Formel für den Zauber bekannt sein und er muss einen blanken Runenstein, sowie eine Spruchrolle des jeweiligen Zaubers besitzen.","使 用 者 必 须 知 道 魔 法 的 公 式 ， 同 时 他 必 须 有 一 个 空 白 的 咒 语 石 和 一 个 所 需 魔 法 的 魔 法 卷 轴 。","","False","Runemaking_KDW_CIRC1_S1_16","",""
"Scripts/Content/Story/Dialog_Mobsis/BookstandKDW_Addon.d:23","Erst wenn diese Vorraussetzungen erfüllt sind, kann er am Runentisch zu Werke gehen.","只 有 这 些 需 求 都 满 足 后 ， 才 能 在 咒 语 台 上 开 始 工 作 。","","False","Runemaking_KDW_CIRC1_S1_17","",""
"Scripts/Content/Story/Dialog_Mobsis/BookstandKloster.d:6","Seite 1","第1页","","False","Bookstand_Rune_01_S1_1","",""
"Scripts/Content/Story/Dialog_Mobsis/BookstandKloster.d:7","Die Runensteine","咒 语 石","","False","Bookstand_Rune_01_S1_2","",""
"Scripts/Content/Story/Dialog_Mobsis/BookstandKloster.d:8","Seite 2","第2页","","False","Bookstand_Rune_01_S1_3","",""
"Scripts/Content/Story/Dialog_Mobsis/BookstandKloster.d:44","Seite 1","第1页","","False","Bookstand_Rune_02_S1_1","",""
"Scripts/Content/Story/Dialog_Mobsis/BookstandKloster.d:45","Die Runen und ihre Ingredenzien","咒 语 和 它 们 的 原 料","","False","Bookstand_Rune_02_S1_2","",""
"Scripts/Content/Story/Dialog_Mobsis/BookstandKloster.d:46","Seite 2","第2页","","False","Bookstand_Rune_02_S1_3","",""
"Scripts/Content/Story/Dialog_Mobsis/BookstandKloster.d:82","Seite 1","第1页","","False","Bookstand_Innos_01_S1_1","",""
"Scripts/Content/Story/Dialog_Mobsis/BookstandKloster.d:83","Die Lehren Innos","英 诺 斯 的 教 义","","False","Bookstand_Innos_01_S1_2","",""
"Scripts/Content/Story/Dialog_Mobsis/BookstandKloster.d:84","Seite 2","第2页","","False","Bookstand_Innos_01_S1_3","",""
"Scripts/Content/Story/Dialog_Mobsis/BookstandKloster.d:120","Seite 1","第1页","","False","Bookstand_Innos_02_S1_1","",""
"Scripts/Content/Story/Dialog_Mobsis/BookstandKloster.d:121","Die Gebote Innos","英 诺 斯 的 戒 律","","False","Bookstand_Innos_02_S1_2","",""
"Scripts/Content/Story/Dialog_Mobsis/BookstandKloster.d:122","Seite 2","第2页","","False","Bookstand_Innos_02_S1_3","",""
"Scripts/Content/Story/Dialog_Mobsis/BookstandKloster.d:158","DER ERSTE KREIS","第 一 环","","False","Bookstand_Kreise_01_S1_1","",""
"Scripts/Content/Story/Dialog_Mobsis/BookstandKloster.d:159","Die Runen des ersten Kreises und die zu deren Herstellung benötigten Ingredenzien ","第 一 环 咒 语 和 制 造 它 们 所 需 的 原 料 ","","False","Bookstand_Kreise_01_S1_2","",""
"Scripts/Content/Story/Dialog_Mobsis/BookstandKloster.d:160","Goldmünze","金 币","","False","Bookstand_Kreise_01_S1_3","",""
"Scripts/Content/Story/Dialog_Mobsis/BookstandKloster.d:161","Feuerpfeil","火 箭","","False","Bookstand_Kreise_01_S1_4","",""
"Scripts/Content/Story/Dialog_Mobsis/BookstandKloster.d:162","Schwefel","硫 磺","","False","Bookstand_Kreise_01_S1_5","",""
"Scripts/Content/Story/Dialog_Mobsis/BookstandKloster.d:163","Kleiner Blitz","小 型 闪 电","","False","Bookstand_Kreise_01_S1_6","",""
"Scripts/Content/Story/Dialog_Mobsis/BookstandKloster.d:164","Bergkristall","岩 石 水 晶","","False","Bookstand_Kreise_01_S1_7","",""
"Scripts/Content/Story/Dialog_Mobsis/BookstandKloster.d:165","Goblin Skelett","哥 布 林 骷 髅","","False","Bookstand_Kreise_01_S1_8","",""
"Scripts/Content/Story/Dialog_Mobsis/BookstandKloster.d:166","Knochen eines Goblins","哥 布 林 的 骨 头","","False","Bookstand_Kreise_01_S1_9","",""
"Scripts/Content/Story/Dialog_Mobsis/BookstandKloster.d:167","Heilpflanze","治 疗 植 物","","False","Bookstand_Kreise_01_S1_10","",""
"Scripts/Content/Story/Dialog_Mobsis/BookstandKloster.d:168","Für die Herstellung einer Rune ist jeweils EINE der aufgeführten Ingredenzien erforderlich.","要 制 造 咒 语 ， 你 总 是 需 要 下 面 所 列 的 原 料 。","","False","Bookstand_Kreise_01_S1_11","",""
"Scripts/Content/Story/Dialog_Mobsis/BookstandKloster.d:169","Dem Anwender muss die Formel für den Zauber bekannt sein und er muss einen blanken Runenstein, sowie eine Spruchrolle des jeweiligen Zaubers besitzen.","使 用 者 必 须 知 道 魔 法 的 公 式 ， 同 时 他 必 须 有 一 个 空 白 的 咒 语 石 和 一 个 所 需 魔 法 的 魔 法 卷 轴 。","","False","Bookstand_Kreise_01_S1_12","",""
"Scripts/Content/Story/Dialog_Mobsis/BookstandKloster.d:170","Erst wenn diese Vorraussetzungen erfüllt sind, kann er am Runentisch zu Werke gehen.","只 有 这 些 需 求 都 满 足 后 ， 才 能 在 咒 语 台 上 开 始 工 作 。","","False","Bookstand_Kreise_01_S1_13","",""
"Scripts/Content/Story/Dialog_Mobsis/BookstandKloster.d:230","DER ZWEITE KREIS","第 二 环","","False","Bookstand_Kreise_02_S1_1","",""
"Scripts/Content/Story/Dialog_Mobsis/BookstandKloster.d:231","Die Runen des zweiten Kreises und die zu deren Herstellung benötigten Ingredenzien ","第 二 环 咒 语 和 制 造 它 们 所 需 的 原 料 ","","False","Bookstand_Kreise_02_S1_2","",""
"Scripts/Content/Story/Dialog_Mobsis/BookstandKloster.d:232","Feuerball","火 球","","False","Bookstand_Kreise_02_S1_3","",""
"Scripts/Content/Story/Dialog_Mobsis/BookstandKloster.d:233","Pech","沥 青","","False","Bookstand_Kreise_02_S1_4","",""
"Scripts/Content/Story/Dialog_Mobsis/BookstandKloster.d:234","Eispfeil","冰 箭","","False","Bookstand_Kreise_02_S1_5","",""
"Scripts/Content/Story/Dialog_Mobsis/BookstandKloster.d:235","Gletscher Quartz","冰 河 石 英","","False","Bookstand_Kreise_02_S1_6","",""
"Scripts/Content/Story/Dialog_Mobsis/BookstandKloster.d:236","Wolf rufen","召 唤 狼","","False","Bookstand_Kreise_02_S1_7","",""
"Scripts/Content/Story/Dialog_Mobsis/BookstandKloster.d:237","Wolfsfell","狼 皮","","False","Bookstand_Kreise_02_S1_8","",""
"Scripts/Content/Story/Dialog_Mobsis/BookstandKloster.d:238","Windfaust","风 之 拳","","False","Bookstand_Kreise_02_S1_9","",""
"Scripts/Content/Story/Dialog_Mobsis/BookstandKloster.d:239","Kohle","煤","","False","Bookstand_Kreise_02_S1_10","",""
"Scripts/Content/Story/Dialog_Mobsis/BookstandKloster.d:240","Schlaf","催 眠","","False","Bookstand_Kreise_02_S1_11","",""
"Scripts/Content/Story/Dialog_Mobsis/BookstandKloster.d:241","Sumpfkraut","沼 生 草","","False","Bookstand_Kreise_02_S1_12","",""
"Scripts/Content/Story/Dialog_Mobsis/BookstandKloster.d:242","Für die Herstellung einer Rune ist jeweils EINE der aufgeführten Ingredenzien erforderlich.","要 制 造 咒 语 ， 你 总 是 需 要 下 面 所 列 的 原 料 。","","False","Bookstand_Kreise_02_S1_13","",""
"Scripts/Content/Story/Dialog_Mobsis/BookstandKloster.d:243","Dem Anwender muss die Formel für den Zauber bekannt sein und er muss einen blanken Runenstein, sowie eine Spruchrolle des jeweiligen Zaubers besitzen.","使 用 者 必 须 知 道 魔 法 的 公 式 ， 同 时 他 必 须 有 一 个 空 白 的 咒 语 石 和 一 个 所 需 魔 法 的 魔 法 卷 轴 。","","False","Bookstand_Kreise_02_S1_14","",""
"Scripts/Content/Story/Dialog_Mobsis/BookstandKloster.d:244","Erst wenn diese Vorraussetzungen erfüllt sind, kann er am Runentisch zu Werke gehen.","只 有 这 些 需 求 都 满 足 后 ， 才 能 在 咒 语 台 上 开 始 工 作 。","","False","Bookstand_Kreise_02_S1_15","",""
"Scripts/Content/Story/Dialog_Mobsis/BookstandKloster.d:304","DER DRITTE KREIS","第 三 环","","False","Bookstand_Kreise_03_S1_1","",""
"Scripts/Content/Story/Dialog_Mobsis/BookstandKloster.d:305","Die Runen des dritten Kreises und die zu deren Herstellung benötigten Ingredenzien ","第 三 环 咒 语 和 制 造 它 们 所 需 的 原 料 ","","False","Bookstand_Kreise_03_S1_2","",""
"Scripts/Content/Story/Dialog_Mobsis/BookstandKloster.d:306","Heilkraut","治 疗 药 草","","False","Bookstand_Kreise_03_S1_3","",""
"Scripts/Content/Story/Dialog_Mobsis/BookstandKloster.d:307","Kleiner Feuersturm","小 型 火 焰 风 暴","","False","Bookstand_Kreise_03_S1_4","",""
"Scripts/Content/Story/Dialog_Mobsis/BookstandKloster.d:308","Pech, Schwefel","沥 青，硫 磺","","False","Bookstand_Kreise_03_S1_5","",""
"Scripts/Content/Story/Dialog_Mobsis/BookstandKloster.d:309","Skelett erschaffen","制 造 骷 髅","","False","Bookstand_Kreise_03_S1_6","",""
"Scripts/Content/Story/Dialog_Mobsis/BookstandKloster.d:310","Knochen eines Skeletts","骷 髅 骨 头","","False","Bookstand_Kreise_03_S1_7","",""
"Scripts/Content/Story/Dialog_Mobsis/BookstandKloster.d:311","Furcht","恐 惧","","False","Bookstand_Kreise_03_S1_8","",""
"Scripts/Content/Story/Dialog_Mobsis/BookstandKloster.d:312","Schwarze Perle","黑 珍 珠","","False","Bookstand_Kreise_03_S1_9","",""
"Scripts/Content/Story/Dialog_Mobsis/BookstandKloster.d:313","Eisblock","冰 块","","False","Bookstand_Kreise_03_S1_10","",""
"Scripts/Content/Story/Dialog_Mobsis/BookstandKloster.d:314","Gletscher Quartz","冰 河 石 英","","False","Bookstand_Kreise_03_S1_11","",""
"Scripts/Content/Story/Dialog_Mobsis/BookstandKloster.d:315","Aquamarin","蓝 宝 石","","False","Bookstand_Kreise_03_S1_12","",""
"Scripts/Content/Story/Dialog_Mobsis/BookstandKloster.d:316","Kugelblitz","球 形 闪 电","","False","Bookstand_Kreise_03_S1_13","",""
"Scripts/Content/Story/Dialog_Mobsis/BookstandKloster.d:317","Bergkristall","岩 石 水 晶","","False","Bookstand_Kreise_03_S1_14","",""
"Scripts/Content/Story/Dialog_Mobsis/BookstandKloster.d:318","Schwefel","硫 磺","","False","Bookstand_Kreise_03_S1_15","",""
"Scripts/Content/Story/Dialog_Mobsis/BookstandKloster.d:319","Feuerball","火 球","","False","Bookstand_Kreise_03_S1_16","",""
"Scripts/Content/Story/Dialog_Mobsis/BookstandKloster.d:320","Pech, Schwefel","沥 青，硫 磺","","False","Bookstand_Kreise_03_S1_17","",""
"Scripts/Content/Story/Dialog_Mobsis/BookstandKloster.d:321","Für die Herstellung einer Rune ist jeweils EINE der aufgeführten Ingredenzien erforderlich.","要 制 造 咒 语 ， 你 总 是 需 要 下 面 所 列 的 原 料 。","","False","Bookstand_Kreise_03_S1_18","",""
"Scripts/Content/Story/Dialog_Mobsis/BookstandKloster.d:322","Dem Anwender muss die Formel für den Zauber bekannt sein und er muss einen blanken Runenstein, sowie eine Spruchrolle des jeweiligen Zaubers besitzen.","使 用 者 必 须 知 道 魔 法 的 公 式 ， 同 时 他 必 须 有 一 个 空 白 的 咒 语 石 和 一 个 所 需 魔 法 的 魔 法 卷 轴 。","","False","Bookstand_Kreise_03_S1_19","",""
"Scripts/Content/Story/Dialog_Mobsis/BookstandKloster.d:323","Erst wenn diese Vorraussetzungen erfüllt sind, kann er am Runentisch zu Werke gehen.","只 有 这 些 需 求 都 满 足 后 ， 才 能 在 咒 语 台 上 开 始 工 作 。","","False","Bookstand_Kreise_03_S1_20","",""
"Scripts/Content/Story/Dialog_Mobsis/BookstandKloster.d:391","DER VIERTE KREIS","第 四 环","","False","Bookstand_Kreise_04_S1_1","",""
"Scripts/Content/Story/Dialog_Mobsis/BookstandKloster.d:392","Die Runen des vierten Kreises und die zu deren Herstellung benötigten Ingredenzien ","第 四 环 咒 语 和 制 造 它 们 所 需 的 原 料 ","","False","Bookstand_Kreise_04_S1_2","",""
"Scripts/Content/Story/Dialog_Mobsis/BookstandKloster.d:393","Grosser Feuerball","大 火 球","","False","Bookstand_Kreise_04_S1_3","",""
"Scripts/Content/Story/Dialog_Mobsis/BookstandKloster.d:394","Schwefel","硫 磺","","False","Bookstand_Kreise_04_S1_4","",""
"Scripts/Content/Story/Dialog_Mobsis/BookstandKloster.d:395","Pech","沥 青","","False","Bookstand_Kreise_04_S1_5","",""
"Scripts/Content/Story/Dialog_Mobsis/BookstandKloster.d:396","Blitzschlag","闪 电","","False","Bookstand_Kreise_04_S1_6","",""
"Scripts/Content/Story/Dialog_Mobsis/BookstandKloster.d:397","Bergkristall","岩 石 水 晶","","False","Bookstand_Kreise_04_S1_7","",""
"Scripts/Content/Story/Dialog_Mobsis/BookstandKloster.d:398","Gletscher Quartz","冰 河 石 英","","False","Bookstand_Kreise_04_S1_8","",""
"Scripts/Content/Story/Dialog_Mobsis/BookstandKloster.d:399","Golem erwecken","唤 醒 巨 人","","False","Bookstand_Kreise_04_S1_9","",""
"Scripts/Content/Story/Dialog_Mobsis/BookstandKloster.d:400","Herz eines Steingolems","石 巨 人 之 心","","False","Bookstand_Kreise_04_S1_10","",""
"Scripts/Content/Story/Dialog_Mobsis/BookstandKloster.d:401","Untote vernichten","消 灭 亡 灵","","False","Bookstand_Kreise_04_S1_11","",""
"Scripts/Content/Story/Dialog_Mobsis/BookstandKloster.d:402","Geweihtes Wasser","圣 水","","False","Bookstand_Kreise_04_S1_12","",""
"Scripts/Content/Story/Dialog_Mobsis/BookstandKloster.d:403","Für die Herstellung einer Rune ist jeweils EINE der aufgeführten Ingredenzien erforderlich.","要 制 造 咒 语 ， 你 总 是 需 要 下 面 所 列 的 原 料 。","","False","Bookstand_Kreise_04_S1_13","",""
"Scripts/Content/Story/Dialog_Mobsis/BookstandKloster.d:404","Dem Anwender muss die Formel für den Zauber bekannt sein und er muss einen blanken Runenstein, sowie eine Spruchrolle des jeweiligen Zaubers besitzen.","使 用 者 必 须 知 道 魔 法 的 公 式 ， 同 时 他 必 须 有 一 个 空 白 的 咒 语 石 和 一 个 所 需 魔 法 的 魔 法 卷 轴 。","","False","Bookstand_Kreise_04_S1_14","",""
"Scripts/Content/Story/Dialog_Mobsis/BookstandKloster.d:405","Erst wenn diese Vorraussetzungen erfüllt sind, kann er am Runentisch zu Werke gehen.","只 有 这 些 需 求 都 满 足 后 ， 才 能 在 咒 语 台 上 开 始 工 作 。","","False","Bookstand_Kreise_04_S1_15","",""
"Scripts/Content/Story/Dialog_Mobsis/BookstandKloster.d:463","DER FÜNFTE KREIS","第 五 环","","False","Bookstand_Kreise_05_S1_1","",""
"Scripts/Content/Story/Dialog_Mobsis/BookstandKloster.d:464","Die Runen des fünften Kreises und die zu deren Herstellung benötigten Ingredenzien ","第 五 环 咒 语 和 制 造 它 们 所 需 的 原 料 ","","False","Bookstand_Kreise_05_S1_2","",""
"Scripts/Content/Story/Dialog_Mobsis/BookstandKloster.d:465","Eiswelle","冰 浪","","False","Bookstand_Kreise_05_S1_3","",""
"Scripts/Content/Story/Dialog_Mobsis/BookstandKloster.d:466","Gletscher Quartz","冰 河 石 英","","False","Bookstand_Kreise_05_S1_4","",""
"Scripts/Content/Story/Dialog_Mobsis/BookstandKloster.d:467","Aquamarin","蓝 宝 石","","False","Bookstand_Kreise_05_S1_5","",""
"Scripts/Content/Story/Dialog_Mobsis/BookstandKloster.d:468","Grosser Feuersturm","大 型 火 焰 风 暴","","False","Bookstand_Kreise_05_S1_6","",""
"Scripts/Content/Story/Dialog_Mobsis/BookstandKloster.d:469","Schwefel","硫 磺","","False","Bookstand_Kreise_05_S1_7","",""
"Scripts/Content/Story/Dialog_Mobsis/BookstandKloster.d:470","Flammenzunge","火 焰 之 舌","","False","Bookstand_Kreise_05_S1_8","",""
"Scripts/Content/Story/Dialog_Mobsis/BookstandKloster.d:471","Dämon beschwören","召 唤 魔 鬼","","False","Bookstand_Kreise_05_S1_9","",""
"Scripts/Content/Story/Dialog_Mobsis/BookstandKloster.d:472","Herz eines Dämonen","魔 鬼 的 心 脏","","False","Bookstand_Kreise_05_S1_10","",""
"Scripts/Content/Story/Dialog_Mobsis/BookstandKloster.d:473","Schwere Wunden heilen","治 疗 重 伤","","False","Bookstand_Kreise_05_S1_11","",""
"Scripts/Content/Story/Dialog_Mobsis/BookstandKloster.d:474","Heilwurzel","治 疗 根","","False","Bookstand_Kreise_05_S1_12","",""
"Scripts/Content/Story/Dialog_Mobsis/BookstandKloster.d:475","Für die Herstellung einer Rune ist jeweils EINE der aufgeführten Ingredenzien erforderlich.","要 制 造 咒 语 ， 你 总 是 需 要 下 面 所 列 的 原 料 。","","False","Bookstand_Kreise_05_S1_13","",""
"Scripts/Content/Story/Dialog_Mobsis/BookstandKloster.d:476","Dem Anwender muss die Formel für den Zauber bekannt sein und er muss einen blanken Runenstein, sowie eine Spruchrolle des jeweiligen Zaubers besitzen.","使 用 者 必 须 知 道 魔 法 的 公 式 ， 同 时 他 必 须 有 一 个 空 白 的 咒 语 石 和 一 个 所 需 魔 法 的 魔 法 卷 轴 。","","False","Bookstand_Kreise_05_S1_14","",""
"Scripts/Content/Story/Dialog_Mobsis/BookstandKloster.d:477","Erst wenn diese Vorraussetzungen erfüllt sind, kann er am Runentisch zu Werke gehen.","只 有 这 些 需 求 都 满 足 后 ， 才 能 在 咒 语 台 上 开 始 工 作 。","","False","Bookstand_Kreise_05_S1_15","",""
"Scripts/Content/Story/Dialog_Mobsis/BookstandKloster.d:535","DER SECHSTE KREIS","第 六 环","","False","Bookstand_Kreise_06_S1_1","",""
"Scripts/Content/Story/Dialog_Mobsis/BookstandKloster.d:536","Die Runen des sechsten Kreises und die zu deren Herstellung benötigten Ingredenzien ","第 六 环 咒 语 和 制 造 它 们 所 需 的 原 料 ","","False","Bookstand_Kreise_06_S1_2","",""
"Scripts/Content/Story/Dialog_Mobsis/BookstandKloster.d:537","Feuerregen","火 雨","","False","Bookstand_Kreise_06_S1_3","",""
"Scripts/Content/Story/Dialog_Mobsis/BookstandKloster.d:538","Pech","沥 青","","False","Bookstand_Kreise_06_S1_4","",""
"Scripts/Content/Story/Dialog_Mobsis/BookstandKloster.d:539","Schwefel","硫 磺","","False","Bookstand_Kreise_06_S1_5","",""
"Scripts/Content/Story/Dialog_Mobsis/BookstandKloster.d:540","Flammenzunge","火 焰 之 舌","","False","Bookstand_Kreise_06_S1_6","",""
"Scripts/Content/Story/Dialog_Mobsis/BookstandKloster.d:541","Todeshauch","死 亡 呼 吸","","False","Bookstand_Kreise_06_S1_7","",""
"Scripts/Content/Story/Dialog_Mobsis/BookstandKloster.d:542","Kohle","煤","","False","Bookstand_Kreise_06_S1_8","",""
"Scripts/Content/Story/Dialog_Mobsis/BookstandKloster.d:543","Schwarze Perle","黑 珍 珠","","False","Bookstand_Kreise_06_S1_9","",""
"Scripts/Content/Story/Dialog_Mobsis/BookstandKloster.d:544","Todeswelle","死 亡 之 波","","False","Bookstand_Kreise_06_S1_10","",""
"Scripts/Content/Story/Dialog_Mobsis/BookstandKloster.d:545","Knochen eines Skeletts","骷 髅 骨 头","","False","Bookstand_Kreise_06_S1_11","",""
"Scripts/Content/Story/Dialog_Mobsis/BookstandKloster.d:546","Schwarze Perle","黑 珍 珠","","False","Bookstand_Kreise_06_S1_12","",""
"Scripts/Content/Story/Dialog_Mobsis/BookstandKloster.d:547","Armee der Finsternis","黑 暗 军 队","","False","Bookstand_Kreise_06_S1_13","",""
"Scripts/Content/Story/Dialog_Mobsis/BookstandKloster.d:548","Knochen eines Skeletts","骷 髅 骨 头","","False","Bookstand_Kreise_06_S1_14","",""
"Scripts/Content/Story/Dialog_Mobsis/BookstandKloster.d:549","Schwarze Perle","黑 珍 珠","","False","Bookstand_Kreise_06_S1_15","",""
"Scripts/Content/Story/Dialog_Mobsis/BookstandKloster.d:550","Herz eines Steingolems","石 巨 人 之 心","","False","Bookstand_Kreise_06_S1_16","",""
"Scripts/Content/Story/Dialog_Mobsis/BookstandKloster.d:551","Herz eines Dämonen","魔 鬼 的 心 脏","","False","Bookstand_Kreise_06_S1_17","",""
"Scripts/Content/Story/Dialog_Mobsis/BookstandKloster.d:552","Monster schrumpfen","缩 小 怪 物","","False","Bookstand_Kreise_06_S1_18","",""
"Scripts/Content/Story/Dialog_Mobsis/BookstandKloster.d:553","Knochen eines Goblins","哥 布 林 的 骨 头","","False","Bookstand_Kreise_06_S1_19","",""
"Scripts/Content/Story/Dialog_Mobsis/BookstandKloster.d:554","Trollhauer","巨 魔 獠 牙","","False","Bookstand_Kreise_06_S1_20","",""
"Scripts/Content/Story/Dialog_Mobsis/BookstandKloster.d:555","Für die Herstellung einer Rune ist jeweils EINE der aufgeführten Ingredenzien erforderlich.","要 制 造 咒 语 ， 你 总 是 需 要 下 面 所 列 的 原 料 。","","False","Bookstand_Kreise_06_S1_21","",""
"Scripts/Content/Story/Dialog_Mobsis/BookstandKloster.d:556","Dem Anwender muss die Formel für den Zauber bekannt sein und er muss einen blanken Runenstein, sowie eine Spruchrolle des jeweiligen Zaubers besitzen.","使 用 者 必 须 知 道 魔 法 的 公 式 ， 同 时 他 必 须 有 一 个 空 白 的 咒 语 石 和 一 个 所 需 魔 法 的 魔 法 卷 轴 。","","False","Bookstand_Kreise_06_S1_22","",""
"Scripts/Content/Story/Dialog_Mobsis/BookstandKloster.d:557","Erst wenn diese Vorraussetzungen erfüllt sind, kann er am Runentisch zu Werke gehen.","只 有 这 些 需 求 都 满 足 后 ， 才 能 在 咒 语 台 上 开 始 工 作 。","","False","Bookstand_Kreise_06_S1_23","",""
"Scripts/Content/Story/Dialog_Mobsis/BookstandKloster.d:626","Seite 1","第1页","","False","Bookstand_Rules_01_S1_1","",""
"Scripts/Content/Story/Dialog_Mobsis/BookstandKloster.d:627","Regeln","规 则","","False","Bookstand_Rules_01_S1_2","",""
"Scripts/Content/Story/Dialog_Mobsis/BookstandKloster.d:628","Seite 2","第2页","","False","Bookstand_Rules_01_S1_3","",""
"Scripts/Content/Story/Dialog_Mobsis/Bookstand_Addon.d:5","Mine","矿 井","","False","Bookstand_Addon_BL_S1_1","",""
"Scripts/Content/Story/Dialog_Mobsis/Bookstand_Addon.d:6","Crimson: 79 Goldbrocken erhalten und eingeschmolzen","科 瑞 姆 桑 ： 收 到 ７ ９ 金 块 并 且 熔 解","","False","Bookstand_Addon_BL_S1_2","",""
"Scripts/Content/Story/Dialog_Mobsis/Bookstand_Addon.d:7","Scatty: Waren für 250 Gold erhalten","斯 凯 蒂 ： ２ ５ ０ 金 币 收 购 货 物","","False","Bookstand_Addon_BL_S1_3","",""
"Scripts/Content/Story/Dialog_Mobsis/Bookstand_Addon.d:8","Garaz: 6 Goldbrocken erhalten","加 莱 兹 ： 收 到 ６ 金 块","","False","Bookstand_Addon_BL_S1_4","",""
"Scripts/Content/Story/Dialog_Mobsis/Bookstand_Addon.d:9","Alle Wachen: 9 Goldbrocken erhalten","所 有 守 卫 ： 收 到 ９ 金 块","","False","Bookstand_Addon_BL_S1_5","",""
"Scripts/Content/Story/Dialog_Mobsis/Bookstand_Addon.d:10","Lager:  ","营 地 ：  ","","False","Bookstand_Addon_BL_S1_6","",""
"Scripts/Content/Story/Dialog_Mobsis/Bookstand_Addon.d:11","Raven's Garde: 25 Goldstücke","瑞 雯 的 守 卫 ： ２ ５ 金 币","","False","Bookstand_Addon_BL_S1_7","",""
"Scripts/Content/Story/Dialog_Mobsis/Bookstand_Addon.d:12","Finn: 60 Goldstücke","芬 恩 ： ６ ０ 金 币","","False","Bookstand_Addon_BL_S1_8","",""
"Scripts/Content/Story/Dialog_Mobsis/Bookstand_Addon.d:13","Lennar: 40 Goldstücke","雷 纳 尔 ： ４ ０ 金 币","","False","Bookstand_Addon_BL_S1_9","",""
"Scripts/Content/Story/Dialog_Mobsis/Bookstand_Addon.d:14","Emilio: 50 Goldstücke","艾 米 里 欧 ： ５ ０ 金 币","","False","Bookstand_Addon_BL_S1_10","",""
"Scripts/Content/Story/Dialog_Mobsis/Bookstand_Addon.d:15","Andere: 20 Goldstücke","其 他 ： ２ ０ 金 币","","False","Bookstand_Addon_BL_S1_11","",""
"Scripts/Content/Story/Dialog_Mobsis/Bookstand_Addon.d:16","Huno, Fisk, Snaf: je nach Waren","胡 诺 ， 费 斯 克 ， 斯 耐 夫 ： 各 自 按 货 物","","False","Bookstand_Addon_BL_S1_12","",""
"Scripts/Content/Story/Dialog_Mobsis/Bookstand_Addon.d:17","Jäger: Soll sich der Anführer drum kümmern! Franco 7 Goldbrocken erhalten","猎 人 ： 让 首 领 处 理 这 些 ！ 佛 朗 哥 得 到 ７ 金 币","","False","Bookstand_Addon_BL_S1_13","",""
"Scripts/Content/Story/Dialog_Mobsis/Bookstand_Addon.d:90","...denn nur den TOTENWÄCHTERN war es möglich die Ahnen zu rufen. ","… … 因 为 只 有 死 亡 守 护 者 可 以 呼 唤 祖 先 。 ","","False","BookstandMaya_1","",""
"Scripts/Content/Story/Dialog_Mobsis/Bookstand_Addon.d:91","Ihre Abwesenheit schmerzt tief. Ohne den Rat der Ahnen sind wir der Willkür unseres Volkes ausgeliefert.","他 们 的 缺 席 伤 害 巨 大 。 没 有 了 祖 先 的 建 议 ， 我 们 现 在 受 我 们 人 民 的 支 配 。","","False","BookstandMaya_2","",""
"Scripts/Content/Story/Dialog_Mobsis/Bookstand_Addon.d:92","Die HEILER wurden entsandt, das Portal zu versiegeln und den Schlüssel zu vernichten. Nur Adanos weiß, was mit ihnen geschah und ob sie ihr Ziel jemals erreichten.","治 疗 者 被 派 出 封 印 传 送 门 和 摧 毁 钥 匙 。 只 有 亚 达 诺 斯 知 道 他 们 发 生 了 什 么 事 ， 还 有 他 们 是 否 完 成 了 他 们 的 目 标 。","","False","BookstandMaya_3","",""
"Scripts/Content/Story/Dialog_Mobsis/Bookstand_Addon.d:93","Die KRIEGERKASTE ist vernichtet durch den Zorn Adanos. Das Herz des alten Kriegerfürsten ist gebrochen. ","战 士 阶 层 被 亚 达 诺 斯 的 愤 怒 消 灭 了 。 老 战 士 王 子 的 心 破 碎 了 。 ","","False","BookstandMaya_4","",""
"Scripts/Content/Story/Dialog_Mobsis/Bookstand_Addon.d:94","Nur die verbliebenen PRIESTER schüren noch die Hoffnung und predigen unablässig von der Wiederauferstehung unserer einst so prächtigen Stadt. ","只 有 剩 下 的 牧 师 唤 起 希 望 ， 并 不 断 地 宣 杨 我 们 曾 经 宏 伟 的 城 市 的 复 苏 。 ","","False","BookstandMaya_5","",""
"Scripts/Content/Story/Dialog_Mobsis/Bookstand_Addon.d:95","Doch wir, die GELEHRTEN, kennen die bittere Wahrheit. JHARKENDAR ist gefallen und wird im Strom der Zeit vergehen.","然 而 ， 我 们 学 者 知 道 痛 苦 的 真 相 。 加 肯 达 已 经 倒 下 ， 并 将 遗 忘 在 时 间 之 河 中 。","","False","BookstandMaya_6","",""
"Scripts/Content/Story/Dialog_Mobsis/Bookstand_Addon.d:96","RHADEMES war auf immer eingeschlossen im Tempel ADANOS, doch die Macht des Schwertes war nicht gebrochen.","拉 德 梅 斯 被 永 久 地 囚 禁 在 亚 达 诺 斯 神 殿 中 ， 但 是 剑 的 力 量 还 没 有 受 损 。","","False","BookstandMaya_7","",""
"Scripts/Content/Story/Dialog_Mobsis/Bookstand_Addon.d:97","Sein Einfluss war schon zu groß geworden. Das Morden in den Strassen wollte nicht enden.","它 的 影 响 变 得 十 分 巨 大 。 街 道 上 的 杀 戮 不 会 停 止 。","","False","BookstandMaya_8","",""
"Scripts/Content/Story/Dialog_Mobsis/Bookstand_Addon.d:98","ADANOS Zorn war es, der alles beendete. Das Meer erhob sich über JHARKENDAR und überflutete die ganze Stadt.","亚 达 诺 斯 的 愤 怒 终 结 了 一 切 。 大 海 高 过 了 加 肯 达 ， 并 淹 没 了 整 个 城 市 。","","False","BookstandMaya_9","",""
"Scripts/Content/Story/Dialog_Mobsis/Bookstand_Addon.d:99","Nur noch die höher gelegenen Tempel und Bauwerke waren nahezu unangetastet geblieben.","只 有 神 殿 和 高 处 的 建 筑 丝 毫 无 损 地 保 留 了 下 来 。","","False","BookstandMaya_10","",""
"Scripts/Content/Story/Dialog_Mobsis/Bookstand_Addon.d:100","Die wenigen, die diese Katastrophe überlebten, hatten nunmehr nicht mehr die Kraft, die Stadt wieder aufzubauen.","在 折 成 大 灾 难 中 的 幸 存 者 无 力 重 建 城 市 。","","False","BookstandMaya_11","",""
"Scripts/Content/Story/Dialog_Mobsis/Bookstand_Addon.d:101","Und so war das Schicksal von JHARKENDAR besiegelt.","因 此 加 肯 达 的 命 运 完 全 无 法 知 晓 。","","False","BookstandMaya_12","",""
"Scripts/Content/Story/Dialog_Mobsis/Bookstand_Addon.d:102","QUARHODRONs Alter machte es ihm unmöglich, unser Heer zu führen. Und so bestanden die Priester auf ihrem Recht der Befehlsgewalt über ihn.","夸 霍 德 隆 的 年 纪 使 得 他 无 法 再 领 导 我 们 的 军 队 。 因 此 ， 牧 师 们 坚 持 他 们 拥 有 控 制 他 的 权 力 。","","False","BookstandMaya_13","",""
"Scripts/Content/Story/Dialog_Mobsis/Bookstand_Addon.d:103","Sie wiesen ihn an, sein Amt niederzulegen und das Schwert weiterzugeben.","他 们 命 令 他 辞 去 他 的 事 务 ， 并 把 剑 交 出 来 。","","False","BookstandMaya_14","",""
"Scripts/Content/Story/Dialog_Mobsis/Bookstand_Addon.d:104","Der Rat der Fünf sollte seine Nachfolge bestimmen. Doch die Kaste der Krieger verweigerte dem Rat die Wahl.","五 人 议 会 决 定 了 他 的 继 承 者 。 但 是 ， 战 士 阶 层 否 决 了 议 会 的 选 择 。","","False","BookstandMaya_15","",""
"Scripts/Content/Story/Dialog_Mobsis/Bookstand_Addon.d:105","Die Krieger wollten sich nicht länger dem Rat der Fünf fügen und erwählten seinen Sohn RHADEMES zu ihrem neuen Anführer. ","战 士 们 不 再 服 从 五 人 议 会 ， 并 选 择 了 他 的 儿 子 拉 德 梅 斯 作 为 他 们 的 新 首 领 。 ","","False","BookstandMaya_16","",""
"Scripts/Content/Story/Dialog_Mobsis/Bookstand_Addon.d:106","Aus Stolz und Vertrauen in sein eigen Fleisch und Blut erschied QUARHODRON sich dazu, ihnen nachzugeben.","由 于 缺 少 对 他 自 己 血 脉 的 自 豪 和 信 心 ， 夸 霍 德 隆 决 定 放 弃 它 们 。","","False","BookstandMaya_17","",""
"Scripts/Content/Story/Dialog_Mobsis/Bookstand_Addon.d:107","Er überreichte das Schwert seinem Sohn in der Hoffnung, dass er es mit der gleichen starken Hand führen möge, wie er selbst es einst tat.","他 把 剑 交 给 他 的 儿 子 ， 并 希 望 他 能 象 他 自 己 曾 经 的 那 样 挥 动 它 。","","False","BookstandMaya_18","",""
"Scripts/Content/Story/Dialog_Mobsis/Bookstand_Addon.d:108","RHADEMES war schwach. Der Wille des Schwertes übermannte ihn und machte ihn zu seinem Werkzeug.","拉 德 梅 斯 很 软 弱 。 剑 的 力 量 政 府 了 他 ， 并 使 他 成 为 它 的 工 具 。","","False","BookstandMaya_19","",""
"Scripts/Content/Story/Dialog_Mobsis/Bookstand_Addon.d:109","Das Leid und die Grausamkeiten, die er in seiner Verblendung über unser Volk brachte, vermochten nicht einmal mehr die Heiler zu lindern. ","即 使 牧 师 们 也 无 法 减 轻 他 盲 目 的 暴 行 给 我 们 的 人 民 所 带 来 的 痛 苦 。 ","","False","BookstandMaya_20","",""
"Scripts/Content/Story/Dialog_Mobsis/Bookstand_Addon.d:110","Das Schwert erkannte schnell, das das Volk zu schwach war um seine Pläne zu durchkreuzen.","剑 很 快 认 识 到 ， 脆 弱 的 人 民 不 会 阻 止 它 的 计 划 。","","False","BookstandMaya_21","",""
"Scripts/Content/Story/Dialog_Mobsis/Bookstand_Addon.d:111","Allein die Macht unserer Ahnen konnte ihm noch gefährlich werden. ","只 有 我 们 祖 先 的 力 量 可 以 抵 挡 它 。 ","","False","BookstandMaya_22","",""
"Scripts/Content/Story/Dialog_Mobsis/Bookstand_Addon.d:112","Und so ließ es RHADEMES alle Totenwächter verbannen oder hinrichten, und machte so jede Hoffnung auf Erlösung von diesem Übel zunichte.","因 此 它 让 拉 德 梅 斯 驱 逐 或 者 杀 死 了 所 有 的 死 亡 守 护 者 ， 粉 碎 了 所 有 可 以 解 除 这 种 邪 恶 的 希 望 。","","False","BookstandMaya_23","",""
"Scripts/Content/Story/Dialog_Mobsis/Bookstand_Addon.d:113","So war kein einziger der Totenwächter mehr zugegen, als die verbliebenen vier entmachteten Anführer unseres Volkes den bitteren Entschluss fassten, JHARKENDAR aufzugeben.","因 此 ， 在 我 们 人 民 剩 下 的 四 个 领 导 者 作 出 放 弃 加 肯 达 的 痛 苦 决 定 时 ， 已 经 没 有 任 何 死 亡 守 护 者 活 着 。","","False","BookstandMaya_24","",""
"Scripts/Content/Story/Dialog_Mobsis/Bookstand_Addon.d:114","Der Krieg tobte in den Strassen, als die Heiler aufbrachen, um den einzigen Zugang zu unserem Tal für immer zu verschliessen.","在 治 疗 者 们 开 始 永 久 地 把 我 们 的 山 谷 入 口 封 闭 时 ， 战 争 已 经 在 街 道 上 横 行 已 久 。","","False","BookstandMaya_25","",""
"Scripts/Content/Story/Dialog_Mobsis/Bookstand_Addon.d:115","QUARHODRON, der Hohepriester KHARDIMON und ich selbst berieten in diesen Hallen über einen Weg, RHADEMES und das Schwert zu bezwingen.","在 这 些 夸 霍 德 隆 的 大 厅 中 ， 高 级 牧 师 克 哈 迪 蒙 和 我 讨 论 着 击 败 拉 德 梅 斯 那 把 剑 的 方 法 。","","False","BookstandMaya_26","",""
"Scripts/Content/Story/Dialog_Mobsis/Bookstand_Addon.d:116","QUARHODRON und KHARDIMON waren der Meinung, RHADEMES mit vereinten Kräften im Kampf besiegen zu können. Doch ich kannte die Macht des Schwertes zu gut, um daran glauben zu können.","夸 霍 德 隆 和 克 哈 迪 蒙 认 为 集 中 力 量 可 以 在 战 斗 中 击 败 拉 德 梅 斯 。 但 是 我 深 深 了 解 剑 的 威 力 ， 并 坚 信 那 是 不 可 能 的 。","","False","BookstandMaya_27","",""
"Scripts/Content/Story/Dialog_Mobsis/Bookstand_Addon.d:117","So machte ich von meinem Recht Gebrauch, die Entscheidung der beiden anderen zu überstimmen. Ich beschloß stattdessen, RHADEMES mit einer List zu überwinden.","因 此 我 行 使 了 我 的 权 力 ， 否 决 了 其 他 人 的 决 定 。 我 决 定 使 用 一 个 诡 计 来 战 胜 拉 德 梅 斯 。","","False","BookstandMaya_28","",""
"Scripts/Content/Story/Dialog_Mobsis/Bookstand_Addon.d:118","QUARHODRON folgte der Entscheidung des Rates. Er begab sich in den Tempel Adanos und schickte nach seinem Sohn.","夸 霍 德 隆 服 从 了 议 会 的 决 定 。 他 进 入 亚 达 诺 斯 神 殿 ， 并 召 唤 他 的 儿 子 。","","False","BookstandMaya_29","",""
"Scripts/Content/Story/Dialog_Mobsis/Bookstand_Addon.d:119","Der Hass seines Sohnes hatte schon solche Gestalt angenommen, daß RHADEMES in wilder Raserei in den Tempel stürmte, um seinen Vater zu richten.","他 儿 子 的 憎 恨 如 此 强 烈 ， 拉 德 梅 斯 狂 暴 地 袭 击 了 神 殿 并 杀 死 了 他 的 父 亲 。","","False","BookstandMaya_30","",""
"Scripts/Content/Story/Dialog_Mobsis/Bookstand_Addon.d:120","Er erkannte unsere Pläne erst, als es für ihn zu spät war.","在 他 察 觉 我 们 的 计 划 时 ， 已 经 为 时 已 晚 。","","False","BookstandMaya_31","",""
"Scripts/Content/Story/Dialog_Mobsis/Bookstand_Addon.d:121","QUARHODRON verschloss die heiligen Kammern des Tempels hinter sich, und RHADEMES war für alle Zeiten im Tempel gefangen.","夸 霍 德 隆 封 闭 了 神 殿 神 圣 的 房 间 ， 拉 德 梅 斯 被 永 远 地 困 在 神 殿 中 。","","False","BookstandMaya_32","",""
"Scripts/Content/Story/Dialog_Mobsis/Bookstand_OldCamp.d:4","Es ist spät geworden.","已 经 晚 了 。","","False","Bookstand_Milten_03_S1_1","",""
"Scripts/Content/Story/Dialog_Mobsis/Bookstand_OldCamp.d:5","Mit dem Zusammenbruch der alten Mine ist auch die Stimmung der Erzbarone zusammmengebrochen.","旧 矿 井 的 崩 溃 导 致 了 矿 石 大 亨 的 情 绪 的 低 落 。","","False","Bookstand_Milten_03_S1_2","",""
"Scripts/Content/Story/Dialog_Mobsis/Bookstand_OldCamp.d:6","Gomez ist wie ein Pulverfaß, das kurz vor dem explodieren steht.  ","高 梅 兹 象 一 个 马 上 就 要 爆 炸 的 炸 药 桶 。  ","","False","Bookstand_Milten_03_S1_3","",""
"Scripts/Content/Story/Dialog_Mobsis/Bookstand_OldCamp.d:7","Corristo","科 瑞 斯 托","","False","Bookstand_Milten_03_S1_4","",""
"Scripts/Content/Story/Dialog_Mobsis/Bookstand_OldCamp.d:8","Er glaubt das dieser neue Kerl schuld am Zusammenbruch der Mine ist. Dieser Mann ist in der Tat ungewöhnlich. Aber er sollte sich hier besser nicht mehr blicken lassen.","他 认 为 那 个 新 面 孔 应 该 为 矿 井 的 崩 塌 负 责 。 那 个 人 真 的 很 奇 怪 。 但 是 他 最 好 不 要 在 附 近 再 次 出 现 。","","False","Bookstand_Milten_03_S1_5","",""
"Scripts/Content/Story/Dialog_Mobsis/Bookstand_OldCamp.d:9","Corristo","科 瑞 斯 托","","False","Bookstand_Milten_03_S1_6","",""
"Scripts/Content/Story/Dialog_Mobsis/Bookstand_OldCamp.d:10","Gomez ist jähzorniger denn je zuvor und ich glaube zu wissen was er vorhat. Wir müssen unbedingt die Wassermagier unterrichten, bevor es zu spät ist. ","葛 梅 兹 的 脾 气 比 以 往 更 大 了 ， 我 想 我 能 猜 到 他 的 计 划 。 我 们 必 须 警 告 水 法 师 - 在 为 时 已 晚 之 前 。 ","","False","Bookstand_Milten_03_S1_7","",""
"Scripts/Content/Story/Dialog_Mobsis/Bookstand_OldCamp.d:11","Corristo","科 瑞 斯 托","","False","Bookstand_Milten_03_S1_8","",""
"Scripts/Content/Story/Dialog_Mobsis/Bookstand_OldCamp.d:12","Vielleicht gelingt es uns eine Katastrophe zu verhindern. Nicht auszudenken was passieren würde, wenn er die freie Mine, ","也 许 我 们 可 以 避 开 一 场 灾 难 。 很 难 想 象 如 果 自 由 矿 井 … … ","","False","Bookstand_Milten_03_S1_9","",""
"Scripts/Content/Story/Dialog_Mobsis/Bookstand_OldCamp.d:55","Ich war so frei, mich hier ein wenig einzurichten. Wer hätte gedacht, das ich einmal der einzige Magier des Lagers sein werde?","我 冒 昧 地 让 自 己 觉 得 更 加 舒 适 。 谁 知 道 有 一 天 我 会 是 营 地 最 后 一 个 法 师 呢 ？","","False","Bookstand_Milten_02_S1_1","",""
"Scripts/Content/Story/Dialog_Mobsis/Bookstand_OldCamp.d:56","Nun ja, ich kann mich nicht wirklich darüber freuen, das ich wieder hier bin. Eigentlich sollte ich zusehen, das ich hier wegkomme.","嗯 ， 回 来 以 后 ， 我 真 的 无 法 感 到 高 兴 。 实 际 上 ， 在 外 面 我 应 该 能 看 到 更 清 楚 。","","False","Bookstand_Milten_02_S1_2","",""
"Scripts/Content/Story/Dialog_Mobsis/Bookstand_OldCamp.d:57","Diese Expedition ist einfach nicht erfolgreich.","这 次 探 险 一 点 也 不 成 功 。","","False","Bookstand_Milten_02_S1_3","",""
"Scripts/Content/Story/Dialog_Mobsis/Bookstand_OldCamp.d:58","Die Schürfer sind gestern aufgebrochen. Sie haben Diego mitgenommen - würde mich nicht wundern, wenn er abhaut. ","昨 天 矿 工 们 离 开 了 。 他 们 带 走 了 迪 雅 戈 - 他 变 成 一 个 逃 亡 者 一 点 也 不 让 我 感 到 惊 讶 。 ","","False","Bookstand_Milten_02_S1_4","",""
"Scripts/Content/Story/Dialog_Mobsis/Bookstand_OldCamp.d:59","Denn er wird garantiert keine Spitzhacke schwingen. ","总 之 他 不 会 再 挥 舞 十 字 镐 头 了 。 ","","False","Bookstand_Milten_02_S1_5","",""
"Scripts/Content/Story/Dialog_Mobsis/Bookstand_OldCamp.d:60","Nun, ich werde die Zeit nutzen, um mich in die Kunst der Alchemie einzuarbeiten. ","嗯 ， 我 会 花 一 些 时 间 深 入 研 究 一 下 炼 金 术 。 ","","False","Bookstand_Milten_02_S1_6","",""
"Scripts/Content/Story/Dialog_Mobsis/Bookstand_OldCamp.d:61","Milten","米 尔 腾","","False","Bookstand_Milten_02_S1_7","",""
"Scripts/Content/Story/Dialog_Mobsis/Bookstand_OldCamp.d:126","Bestand","库 存","","False","Bookstand_Engor_01_S1_1","",""
"Scripts/Content/Story/Dialog_Mobsis/Bookstand_OldCamp.d:127","Haben einigen Kram vorgefunden - kaum noch verwertbares Material, darunter wie folgt","我 们 找 到 了 一 些 东 西 - 没 什 么 有 用 的 。 记 录 如 下 ：","","False","Bookstand_Engor_01_S1_2","",""
"Scripts/Content/Story/Dialog_Mobsis/Bookstand_OldCamp.d:128","3 Kisten alte Stoffe","３ 箱 破 旧 的 衣 服","","False","Bookstand_Engor_01_S1_3","",""
"Scripts/Content/Story/Dialog_Mobsis/Bookstand_OldCamp.d:129","8 Kisten rostige Eisenware","８ 箱 生 锈 的 钢 铁","","False","Bookstand_Engor_01_S1_4","",""
"Scripts/Content/Story/Dialog_Mobsis/Bookstand_OldCamp.d:130","4 Kisten kaputte Rüstungsteile ","４ 箱 破 损 的 盔 甲 ","","False","Bookstand_Engor_01_S1_5","",""
"Scripts/Content/Story/Dialog_Mobsis/Bookstand_OldCamp.d:131","5 Kisten Leder und Fellwaren (stinken schon!)","５ 箱 （ 劣 质 ） 皮 甲 和 腰 带","","False","Bookstand_Engor_01_S1_6","",""
"Scripts/Content/Story/Dialog_Mobsis/Bookstand_OldCamp.d:132","2 Kisten Spitzhacken","２ 箱 十 字 镐","","False","Bookstand_Engor_01_S1_7","",""
"Scripts/Content/Story/Dialog_Mobsis/Bookstand_OldCamp.d:133","3 Kisten Werkzeuge","３ 箱 工 具","","False","Bookstand_Engor_01_S1_8","",""
"Scripts/Content/Story/Dialog_Mobsis/Bookstand_OldCamp.d:134","16 Kisten Gesteinsbrocken (kaum Erzgehalt)","１ ６ 箱 石 块 （ 矿 石 实 际 上 没 有 ）","","False","Bookstand_Engor_01_S1_9","",""
"Scripts/Content/Story/Dialog_Mobsis/Bookstand_OldCamp.d:135","1 Kiste mit rostigen Rasiermessern","１ 箱 损 坏 的 刀","","False","Bookstand_Engor_01_S1_10","",""
"Scripts/Content/Story/Dialog_Mobsis/Bookstand_OldCamp.d:136","4 Kisten kaputtes Geschirr ","４ 箱 破 碎 的 陶 器 ","","False","Bookstand_Engor_01_S1_11","",""
"Scripts/Content/Story/Dialog_Mobsis/Bookstand_OldCamp.d:137","56 Fässer Wasser","５ ６ 个 水 桶","","False","Bookstand_Engor_01_S1_12","",""
"Scripts/Content/Story/Dialog_Mobsis/Bookstand_OldCamp.d:138","1 Kiste Sumpf...- (was auch immer es war, es ist verdorben.)","１ 箱 沼 泽 的 某 些 东 西 （ 无 论 它 是 什 么 ， 都 已 经 腐 烂 了 ）","","False","Bookstand_Engor_01_S1_13","",""
"Scripts/Content/Story/Dialog_Mobsis/Bookstand_OldCamp.d:139","Engor","恩高尔","","False","Bookstand_Engor_01_S1_14","",""
"Scripts/Content/Story/Dialog_Mobsis/Goldhacken.d:159","Einfach mal hacken. ","只 砍 下 一 点 。 ","","False","PC_Goldhacken_Addon_Hour.description","",""
"Scripts/Content/Story/Dialog_Mobsis/Goldhacken.d:248","Trümmerschlag ansetzen.","给 它 相 当 重 的 打 击 。","","False","PC_Goldhacken_Addon_TSchlag.description","",""
"Scripts/Content/Story/Dialog_Mobsis/Goldhacken.d:306","(Eigene Fähigkeit prüfen)","（ 评 估 自 己 的 能 力 ）","","False","PC_Goldhacken_Addon_Chance.description","",""
"Scripts/Content/Story/Dialog_Mobsis/MakeRune.d:57","Runen Kreis 1 erschaffen","制 造 第 一 环 咒 语","","False","PC_Circle_01.description","",""
"Scripts/Content/Story/Dialog_Mobsis/MakeRune.d:117","Runen Kreis 2 erschaffen","制 造 第 二 环 咒 语","","False","PC_Circle_02.description","",""
"Scripts/Content/Story/Dialog_Mobsis/MakeRune.d:189","Runen Kreis 3 erschaffen","制 造 第 三 环 咒 语","","False","PC_Circle_03.description","",""
"Scripts/Content/Story/Dialog_Mobsis/MakeRune.d:267","Runen Kreis 4 erschaffen","制 造 第 四 环 咒 语","","False","PC_Circle_04.description","",""
"Scripts/Content/Story/Dialog_Mobsis/MakeRune.d:328","Runen Kreis 5 erschaffen","制 造 第 五 环 咒 语","","False","PC_Circle_05.description","",""
"Scripts/Content/Story/Dialog_Mobsis/MakeRune.d:383","Runen Kreis 6 erschaffen","制 造 第 六 环 咒 语","","False","PC_Circle_06.description","",""
"Scripts/Content/Story/Dialog_Mobsis/MakeRune.d:443","Das Geheimnis der Bibliothek!","图 书 馆 的 秘 密 ！","","False","PC_SPL_MasterOfDisaster.description","",""
"Scripts/Content/Story/Dialog_Mobsis/MakeRune.d:462","Das Geheimnis der Bibliothek!","图 书 馆 的 秘 密 ！","","False","PC_SPL_MasterOfDisaster.PC_SPL_MasterOfDisaster_Create","Info_AddChoice",""
"Scripts/Content/Story/Dialog_Mobsis/MakeRune.d:496","Teleportrune erschaffen","制 造 传 送 咒 语","","False","PC_SPL_PalTeleportSecret.description","",""
"Scripts/Content/Story/Dialog_Mobsis/MakeRune.d:515","Das Geheimnis der Bibliothek!","图 书 馆 的 秘 密 ！","","False","PC_SPL_PalTeleportSecret.PC_SPL_PalTeleportSecret_Create","Info_AddChoice",""
"Scripts/Content/Story/Dialog_Mobsis/Potion_Alchemy.d:68","Schnaps brennen","蒸 馏 酒","","False","PC_Booze_Start.description","",""
"Scripts/Content/Story/Dialog_Mobsis/Potion_Alchemy.d:122","Lou's Hammer versuchen...","尝 尝 卢 的 海 默 酒 … …","","False","PC_Booze_Lou.description","",""
"Scripts/Content/Story/Dialog_Mobsis/Potion_Alchemy.d:167","Lou's Hammer mit doppelter Menge Rum.","加 入 双 倍 朗 姆 酒 后 的 卢 的 海 默 酒","","False","PC_Booze_Schlaf.description","",""
"Scripts/Content/Story/Dialog_Mobsis/Potion_Alchemy.d:212","Schnellen Hering mixen.","调 制 急 躁 鲱 鱼","","False","PC_Booze_SchnellerHering.description","",""
"Scripts/Content/Story/Dialog_Mobsis/Potion_Alchemy.d:257","Das Auge Innos wieder aufladen.","重 新 补 充 英 诺 斯 之 眼","","False","PC_Charge_InnosEye.description","",""
"Scripts/Content/Story/Dialog_Mobsis/Potion_Alchemy.d:319","Manatränke brauen","酿 造 魔 力 药 剂","","False","PC_Mana_Start.description","",""
"Scripts/Content/Story/Dialog_Mobsis/Potion_Alchemy.d:373","Mana Essenz (2 Feuernesseln, 1 Feldknöterich)","魔 力 精 华 （ ２ 火 荨 麻 ， １ 洼 地 节 草 ）","","False","PC_ItPo_Mana_01.description","",""
"Scripts/Content/Story/Dialog_Mobsis/Potion_Alchemy.d:414","Mana Extrakt (2 Feuerkraut, 1 Feldknöterich) ","魔 力 萃 取 物 （ ２ 柳 兰 ， １ 洼 地 节 草 ） ","","False","PC_ItPo_Mana_02.description","",""
"Scripts/Content/Story/Dialog_Mobsis/Potion_Alchemy.d:455","Mana Elixier (2 Feuerwurzeln, 1 Feldknöterich)","魔 力 炼 金 药 （ ２ 火 根 ， １ 洼 地 节 草 ）","","False","PC_ItPo_Mana_03.description","",""
"Scripts/Content/Story/Dialog_Mobsis/Potion_Alchemy.d:496","Manatrunk (3 Mana Essenzen, 1 Feldknöterich)","魔 力 药 剂 （ ３ 魔 力 精 华 ， １ 洼 地 节 草 ）","","False","PC_ItPo_Mana_04.description","",""
"Scripts/Content/Story/Dialog_Mobsis/Potion_Alchemy.d:541","Heiltränke brauen","酿 造 治 疗 药 剂","","False","PC_Health_Start.description","",""
"Scripts/Content/Story/Dialog_Mobsis/Potion_Alchemy.d:595","Essenz der Heilung (2 Heilplanzen, 1 Feldknöterich)","治 疗 精 华 （ ２ 治 疗 植 物 ， １ 洼 地 节 草 ）","","False","PC_ItPo_Health_01.description","",""
"Scripts/Content/Story/Dialog_Mobsis/Potion_Alchemy.d:636","Extrakt der Heilung (2 Heilkräuter, 1 Feldknöterich)","治 疗 萃 取 物 （ ２ 治 疗 药 草 ， １ 洼 地 节 草 ）","","False","PC_ItPo_Health_02.description","",""
"Scripts/Content/Story/Dialog_Mobsis/Potion_Alchemy.d:677","Elixier der Heilung (2 Heilwurzeln, 1 Feldknöterich)","治 疗 炼 金 药 （ ２ 治 疗 根 ， １ 洼 地 节 草 ）","","False","PC_ItPo_Health_03.description","",""
"Scripts/Content/Story/Dialog_Mobsis/Potion_Alchemy.d:718","Heiltrunk (3 Essenzen der Heilung, 1 Feldknöterich)","治 疗 药 剂 （ ３ 治 疗 精 华 ， １ 洼 地 节 草 ）","","False","PC_ItPo_Health_04.description","",""
"Scripts/Content/Story/Dialog_Mobsis/Potion_Alchemy.d:763","Spezielle Tränke brauen","酿 造 特 殊 药 剂","","False","PC_Special_Start.description","",""
"Scripts/Content/Story/Dialog_Mobsis/Potion_Alchemy.d:817","Elixier der Geistveränderung","精 神 改 造 药 剂","","False","PC_ItPo_Addon_Geist.description","",""
"Scripts/Content/Story/Dialog_Mobsis/Potion_Alchemy.d:870","Elixier des Lebens (1 Heilwurzel, 1 Kronstöckel)","生 命 炼 金 药 （ １ 治 疗 根 ， １ 国 王 酢 浆 草 ）","","False","PC_ItPo_Perm_Health.description","",""
"Scripts/Content/Story/Dialog_Mobsis/Potion_Alchemy.d:911","Elixier des Geistes (1 Feuerwurzel, 1 Kronstöckl)","精 神 炼 金 药 （ １ 火 根 ， １ 国 王 酢 浆 草 ）","","False","PC_ItPo_Perm_Mana.description","",""
"Scripts/Content/Story/Dialog_Mobsis/Potion_Alchemy.d:952","Trank des Geschicks (1 Goblin Beere, 1 Kronstöckl)","敏 捷 药 剂 （ １ 哥 布 林 浆 果 ， １ 国 王 酢 浆 草 ）","","False","PC_ItPo_Dex.description","",""
"Scripts/Content/Story/Dialog_Mobsis/Potion_Alchemy.d:993","Trank der Stärke (1 Drachenwurzel, 1 Kronstöckl)","力 量 药 剂 （ １ 龙 根 ， １ 国 王 酢 浆 草 ）","","False","PC_ItPo_Strg.description","",""
"Scripts/Content/Story/Dialog_Mobsis/Potion_Alchemy.d:1034","Trank der Geschwindigkeit (1 Snapperkraut, 1 Feldknöterich)","速 度 药 剂 （ １ 暴 龙 草 ， １ 洼 地 节 草 ）","","False","PC_ItPo_Speed.description","",""
"Scripts/Content/Story/Dialog_Mobsis/Potion_Alchemy.d:1079","Tabak mischen und Stengel drehen","混 合 烟 草 并 卷 成 烟 卷","","False","PC_Tabak_Start.description","",""
"Scripts/Content/Story/Dialog_Mobsis/Potion_Alchemy.d:1135","Sumpfkraut verarbeiten (1 Stengel)","处 理 沼 生 草 （ １ 根 ）","","False","PC_ItMi_Joint.description","",""
"Scripts/Content/Story/Dialog_Mobsis/Potion_Alchemy.d:1175","Grünen Novizen herstellen (1 Stengel)","制 造 绿 色 新 信 徒 （ １ 支 卷 烟 ）","","False","PC_ItMi_Addon_Joint_01.description","",""
"Scripts/Content/Story/Dialog_Mobsis/Potion_Alchemy.d:1218","Tabak mischen...","混 合 烟 草 … …","","False","PC_ItMi_Tabak.description","",""
"Scripts/Content/Story/Dialog_Mobsis/Potion_Alchemy.d:1241","...mit Honig","… … 加 入 蜂 蜜","","False","PC_ItMi_Tabak.PC_ItMi_Tabak_Honey","Info_AddChoice",""
"Scripts/Content/Story/Dialog_Mobsis/Potion_Alchemy.d:1246","...mit Sumpfkraut","… … 加 入 沼 生 草","","False","PC_ItMi_Tabak.PC_ItMi_Tabak_Swampherb","Info_AddChoice",""
"Scripts/Content/Story/Dialog_Mobsis/Potion_Alchemy.d:1251","...mit Dunkelpilz","… … 加 入 黑 暗 的 蘑 菇","","False","PC_ItMi_Tabak.PC_ItMi_Tabak_Mushroom_01","Info_AddChoice",""
"Scripts/Content/Story/Dialog_Mobsis/Potion_Alchemy.d:1290","Dracheneitrunk (10 Drachenei, 1 schwarze Perle, 1 Schwefel)","龙 蛋 药 剂 （ １ ０ 龙 蛋 ， １ 黑 珍 珠 ， １ 硫 磺 ）","","False","PC_ItPo_MegaDrink.description","",""
"Scripts/Content/Story/Dialog_Mobsis/PrayShrine.d:57","Schrein reinigen","净 化 神 殿","","False","PC_PrayShrine_HEALSHRINE.description","",""
"Scripts/Content/Story/Dialog_Mobsis/PrayShrine.d:157","Ein Gebet für die Paladine sprechen.","为 圣 骑 士 的 祈 祷 。","","False","PC_PrayShrine_Paladine.description","",""
"Scripts/Content/Story/Dialog_Mobsis/PrayShrine.d:188","Beten","祈 祷","","False","PC_PrayShrine_Pray.description","",""
"Scripts/Content/Story/Dialog_Mobsis/PrayShrine.d:211","Ich will beten und spende 0 Goldstücke.","我 要 祈 祷 并 捐 献 ０ 枚 金 币 。","","False","PC_PrayShrine_Pray.PC_PrayShrine_Pray_NoPay","Info_AddChoice",""
"Scripts/Content/Story/Dialog_Mobsis/PrayShrine.d:215","Ich will beten und spende 10 Goldstücke.","我 要 祈 祷 并 捐 献 １ ０ 枚 金 币 。","","False","PC_PrayShrine_Pray.PC_PrayShrine_Pray_SmallPay","Info_AddChoice",""
"Scripts/Content/Story/Dialog_Mobsis/PrayShrine.d:220","Ich will beten und spende 50 Goldstücke.","我 要 祈 祷 并 捐 献 ５ ０ 枚 金 币 。","","False","PC_PrayShrine_Pray.PC_PrayShrine_Pray_MediumPay","Info_AddChoice",""
"Scripts/Content/Story/Dialog_Mobsis/PrayShrine.d:225","Ich will beten und spende 100 Goldstücke.","我 要 祈 祷 并 捐 献 １ ０ ０ 枚 金 币 。","","False","PC_PrayShrine_Pray.PC_PrayShrine_Pray_BigPay","Info_AddChoice",""
"Scripts/Content/Story/Dialog_Mobsis/SleepABit.d:96","Bis zum nächsten Morgen schlafen","睡 到 第 二 天 清 晨","","False","PC_SleepTime_Morning.description","",""
"Scripts/Content/Story/Dialog_Mobsis/SleepABit.d:120","Bis Mittags schlafen","睡 到 中 午","","False","PC_SleepTime_Noon.description","",""
"Scripts/Content/Story/Dialog_Mobsis/SleepABit.d:144","Bis zum nächsten Abend schlafen","睡 到 第 二 天 傍 晚","","False","PC_SleepTime_Evening.description","",""
"Scripts/Content/Story/Dialog_Mobsis/SleepABit.d:168","Bis Mitternacht schlafen","睡 到 午 夜","","False","PC_SleepTime_Midnight.description","",""
"Scripts/Content/Story/Dialog_Mobsis/SmithWeapon.d:49","Gewöhnliche Waffen schmieden","铸 造 常 规 武 器","","False","PC_Common.description","",""
"Scripts/Content/Story/Dialog_Mobsis/SmithWeapon.d:75","Erzwaffen schmieden","铸 造 矿 石 武 器","","False","PC_Ore.description","",""
